"","V1","V2","V3","V4","V5","V6","V7"
"1",1.85312107427875,-0.295645588222455,2.94202959062905,0.827062380010913,1.63715423728635e-06,-1.14742453420898e-06,1.09735507941301e-05
"2",1.71891615019305,0.347578641374356,2.87253107751948,0.724612142495285,1.44455426505451e-06,-9.31067995012892e-07,1.07785144124306e-05
"3",1.88859904129805,0.146089997170256,2.80589870226583,0.775532756856551,1.76732822427082e-06,-7.79065392377638e-07,1.03142266188294e-05
"4",1.66276363369929,-0.0376104800043796,2.82091041929587,0.352735839813001,1.72459081334234e-06,-5.38741090462231e-07,1.00924695839699e-05
"5",1.72868068922452,-0.194916156989916,2.85520975289487,0.710957689705141,1.58322250743178e-06,-7.32080277037977e-07,1.04043981621156e-05
"6",1.53321728196274,-0.012441665995145,2.97102133636389,0.724814630908117,1.51747925742227e-06,-7.89618230894165e-07,1.05214661595028e-05
"7",1.81118441075765,-0.159738370629558,3.01920030170526,0.719039972399088,1.37428605635279e-06,-5.21516123718642e-07,9.910021618681e-06
"8",1.60581272873447,0.29973320454123,2.9719932478627,1.11669384947428,1.52178057011867e-06,-6.44536896183074e-07,1.04120587322201e-05
"9",1.88139230190846,-0.494459598445657,2.98139676797828,0.662402036537764,2.26375250836772e-06,-9.35441901284752e-07,9.99398659541002e-06
"10",1.75962099438881,0.0373128996410385,2.98445466208858,0.761616854180739,1.76173900915636e-06,-9.34131484011572e-07,1.02607961384967e-05
"11",1.75229887650991,-0.31983728928629,2.8698017374044,0.835770733078239,1.58526293242979e-06,-7.99248297330347e-07,1.0106586135478e-05
"12",1.73404724796413,0.0652970985261612,2.94892829520177,0.728246682130711,1.79734313115507e-06,-1.28689368077081e-06,1.10872255013202e-05
"13",1.61028772108395,-0.0501071367256488,2.92953921338244,0.872144412440362,1.88217731924896e-06,-8.308459762686e-07,1.0357158642615e-05
"14",1.85312107427875,-0.295645588222455,2.94202959062905,0.827062380010913,1.63715423728635e-06,-1.14742453420898e-06,1.09735507941301e-05
"15",1.52860101722269,-0.235131542597698,2.7579772657556,1.16718496230633,1.80853750888806e-06,-6.16282475031993e-07,9.84585404509777e-06
"16",1.62668760763298,0.109164919790117,2.86776942767997,0.78024685408755,1.54715468596718e-06,-1.20054176456478e-06,1.10696570070832e-05
"17",1.83018943044404,-0.348647485890104,2.82421841085803,0.62432587904284,1.83644986337822e-06,-7.74498650067031e-07,9.76045060866815e-06
"18",1.53321728196274,-0.012441665995145,2.97102133636389,0.724814630908117,1.51747925742227e-06,-7.89618230894165e-07,1.05214661595028e-05
"19",1.6234389674757,0.122161705544615,2.93390403821915,1.04795039746677,1.53357371333563e-06,-8.0346657278045e-07,1.07567498280041e-05
"20",1.6932749739049,-0.129285357517293,2.9772366090585,0.97080081124394,1.76569926675277e-06,-7.31601793030249e-07,9.87815310131554e-06
"21",1.80756278550271,-0.430223716927498,2.96267105058686,0.54050290990389,1.47145588032961e-06,-6.62371221109995e-07,1.06000358163741e-05
"22",1.53321728196274,-0.012441665995145,2.97102133636389,0.724814630908117,1.51747925742227e-06,-7.89618230894165e-07,1.05214661595028e-05
"23",1.66276363369929,-0.0376104800043796,2.82091041929587,0.352735839813001,1.72459081334234e-06,-5.38741090462231e-07,1.00924695839699e-05
"24",1.61548982977139,-0.15878442266163,2.84061038433374,0.883881334862623,1.4702426430143e-06,-9.42643040929619e-07,1.0539733902773e-05
"25",1.60445061912932,0.0822435980527174,2.88566432552593,1.0512204170707,1.5691862820129e-06,-2.6100095285649e-07,9.62631615134283e-06
"26",1.78351510836445,-0.400778717243745,2.8778917998277,0.884120421610505,1.48267475834702e-06,-8.8764054783186e-07,1.05915130296087e-05
"27",1.71675687891485,0.0835078977061803,3.00634332788614,0.992962342098125,1.49228599950819e-06,-5.97745251995384e-07,1.02239085196001e-05
"28",1.6229852798869,0.0646352608052348,2.92152440607487,0.80871824346762,1.56624736584589e-06,-7.11497890037104e-07,1.00433553576684e-05
"29",1.59707856396383,0.610803628558281,2.92835595028652,0.77132757813517,1.48122264474141e-06,-1.31412890054549e-06,1.14341354848321e-05
"30",1.6932749739049,-0.129285357517293,2.9772366090585,0.97080081124394,1.76569926675277e-06,-7.31601793030249e-07,9.87815310131554e-06
"31",1.64312728751844,-0.100885952583659,3.01753218905902,0.480057700796141,1.70688365495118e-06,-6.64519542184167e-07,9.77703781023551e-06
"32",1.69725500352692,-0.294447911059867,2.86702764286705,0.668477745210012,1.47777043380392e-06,-1.27479766700511e-06,1.17820389717681e-05
"33",1.6932749739049,-0.129285357517293,2.9772366090585,0.97080081124394,1.76569926675277e-06,-7.31601793030249e-07,9.87815310131554e-06
"34",1.61028772108395,-0.0501071367256488,2.92953921338244,0.872144412440362,1.88217731924896e-06,-8.308459762686e-07,1.0357158642615e-05
"35",1.52860101722269,-0.235131542597698,2.7579772657556,1.16718496230633,1.80853750888806e-06,-6.16282475031993e-07,9.84585404509777e-06
"36",1.61028772108395,-0.0501071367256488,2.92953921338244,0.872144412440362,1.88217731924896e-06,-8.308459762686e-07,1.0357158642615e-05
"37",1.74684785851844,-0.2425864984142,2.83223925752365,0.915553768616682,1.35570612953179e-06,-7.75314268664469e-07,1.09596776969339e-05
"38",1.66175211039963,-0.0923696390598753,3.09889445468618,0.81867190335787,1.36499243121091e-06,-1.13283844737107e-06,1.14954104121787e-05
"39",1.67370387814297,-0.0452674291966817,2.91541835623785,0.967114407052737,1.686226224937e-06,-8.19358749096727e-07,1.00945880268017e-05
"40",1.70175508839757,0.0200199439216521,2.93494805413911,0.905508959318092,1.60574057162556e-06,-9.24756107231025e-07,1.06609442538581e-05
"41",1.6403079107465,-0.278712147113571,3.02229294460785,1.03452340225927,1.77156543415892e-06,-5.0334646264234e-07,9.89248580099919e-06
"42",1.53321728196274,-0.012441665995145,2.97102133636389,0.724814630908117,1.51747925742227e-06,-7.89618230894165e-07,1.05214661595028e-05
"43",1.4546403878296,0.355928237357054,2.93256175623538,0.499639792439379,1.64480234751656e-06,-5.28768450511069e-07,9.7502578083205e-06
"44",1.75229887650991,-0.31983728928629,2.8698017374044,0.835770733078239,1.58526293242979e-06,-7.99248297330347e-07,1.0106586135478e-05
"45",1.61548982977139,-0.15878442266163,2.84061038433374,0.883881334862623,1.4702426430143e-06,-9.42643040929619e-07,1.0539733902773e-05
"46",1.61028772108395,-0.0501071367256488,2.92953921338244,0.872144412440362,1.88217731924896e-06,-8.308459762686e-07,1.0357158642615e-05
"47",1.63541861459137,-0.101297787368983,2.87100505787347,0.676377095893567,1.60684826413287e-06,-8.713433810776e-07,1.02222395797883e-05
"48",1.94893187983581,-0.369264549439962,3.08116750337515,0.863775312013518,1.34018662088105e-06,-6.81522593231043e-07,1.04523074992217e-05
"49",1.61028772108395,-0.0501071367256488,2.92953921338244,0.872144412440362,1.88217731924896e-06,-8.308459762686e-07,1.0357158642615e-05
"50",1.52860101722269,-0.235131542597698,2.7579772657556,1.16718496230633,1.80853750888806e-06,-6.16282475031993e-07,9.84585404509777e-06
"51",1.61548982977139,-0.15878442266163,2.84061038433374,0.883881334862623,1.4702426430143e-06,-9.42643040929619e-07,1.0539733902773e-05
"52",1.64312728751844,-0.100885952583659,3.01753218905902,0.480057700796141,1.70688365495118e-06,-6.64519542184167e-07,9.77703781023551e-06
"53",1.78351510836445,-0.400778717243745,2.8778917998277,0.884120421610505,1.48267475834702e-06,-8.8764054783186e-07,1.05915130296087e-05
"54",1.53321728196274,-0.012441665995145,2.97102133636389,0.724814630908117,1.51747925742227e-06,-7.89618230894165e-07,1.05214661595028e-05
"55",1.87835900725193,-0.132909940846263,2.96244027711793,0.180377039053148,1.30697825619092e-06,-3.12678817098012e-07,1.00827394394069e-05
"56",1.83224230743616,0.0918698769143745,3.04466228591523,0.969864573414932,1.69350035014614e-06,-1.11460879336898e-06,1.07724374437253e-05
"57",1.65805487390521,0.115341965406646,2.95241479507103,1.23605650558585,1.28238588450427e-06,-4.61759083181882e-07,9.92964028939721e-06
"58",1.633508641118,0.0780970729088672,2.97286512059547,0.130832878071464,1.71863545996596e-06,-2.73185385897392e-07,9.67394257620346e-06
"59",1.72868068922452,-0.194916156989916,2.85520975289487,0.710957689705141,1.58322250743178e-06,-7.32080277037977e-07,1.04043981621156e-05
"60",1.99178753317998,-0.488763542406515,2.90731947282278,0.909971856056113,1.61699444044865e-06,-1.12539751568423e-06,1.09509684461676e-05
"61",1.92849959546575,-0.145114088708031,2.88620214403107,1.00925533364148,1.56521226379854e-06,-5.13275261347993e-07,1.01574113456046e-05
"62",1.53321728196274,-0.012441665995145,2.97102133636389,0.724814630908117,1.51747925742227e-06,-7.89618230894165e-07,1.05214661595028e-05
"63",1.87454566004006,-0.311178038463286,2.78746760981678,0.566245901712754,1.48868153641807e-06,-6.81874446011805e-07,1.02579225949787e-05
"64",1.72565938441593,0.182295386915085,2.73373220359876,0.774271677640056,1.58070446782912e-06,-8.69187292003088e-07,1.05539427457711e-05
"65",1.69288748005204,-0.141064947082206,2.77934552596773,0.667661390922637,1.43461542395506e-06,-9.39485730827755e-07,1.07839201716527e-05
"66",1.81358727825843,0.0360281270253868,2.88608791522911,1.02643433596293,1.38855471552521e-06,-7.25147817739968e-07,1.04532464474309e-05
"67",1.633508641118,0.0780970729088672,2.97286512059547,0.130832878071464,1.71863545996596e-06,-2.73185385897392e-07,9.67394257620346e-06
"68",1.71738063588801,-0.165607011044915,2.99624893802358,0.582940873829446,1.69353435455698e-06,-4.84592114897144e-07,1.0350360548822e-05
"69",1.64312728751844,-0.100885952583659,3.01753218905902,0.480057700796141,1.70688365495118e-06,-6.64519542184167e-07,9.77703781023551e-06
"70",1.5202895780354,-0.383890336707505,3.00522025134147,0.940669078709572,1.70931290737706e-06,-5.85567758079632e-07,1.00572903729392e-05
"71",1.38977909116733,0.321888578074388,3.12753872188037,0.667176363297862,1.85169094072597e-06,-3.7805755996769e-07,9.65280345188751e-06
"72",1.86050732278864,-0.236760691363609,2.86222337275406,0.572690147378222,1.69846727351576e-06,-4.56788343872553e-07,9.61638568967876e-06
"73",1.84710765959003,-0.314609537449017,3.02012204021785,1.02007957973254,1.81073244793411e-06,-4.76900026725361e-07,9.33184203467012e-06
"74",1.78351510836445,-0.400778717243745,2.8778917998277,0.884120421610505,1.48267475834702e-06,-8.8764054783186e-07,1.05915130296087e-05
"75",1.53321728196274,-0.012441665995145,2.97102133636389,0.724814630908117,1.51747925742227e-06,-7.89618230894165e-07,1.05214661595028e-05
"76",1.62835429327243,0.045984534560308,2.8695571124486,0.853568065626212,1.34269084265412e-06,-7.03181591106032e-07,1.03789311014339e-05
"77",1.88139230190846,-0.494459598445657,2.98139676797828,0.662402036537764,2.26375250836772e-06,-9.35441901284752e-07,9.99398659541002e-06
"78",1.54722376082071,0.0692981983823356,2.90509693667123,0.531612004922266,1.38729960808747e-06,-1.11083638997369e-06,1.14187644785883e-05
"79",1.88426173334255,-0.365919785037993,2.96011112599238,0.96033402430358,1.44925315010575e-06,-5.65483511300396e-07,1.06267630377121e-05
"80",1.54939145618857,0.633924356684955,2.89257118444343,0.505874861764083,1.30792289657535e-06,-7.70358781586643e-07,1.11218793436064e-05
"81",1.72868068922452,-0.194916156989916,2.85520975289487,0.710957689705141,1.58322250743178e-06,-7.32080277037977e-07,1.04043981621156e-05
"82",1.99178753317998,-0.488763542406515,2.90731947282278,0.909971856056113,1.61699444044865e-06,-1.12539751568423e-06,1.09509684461676e-05
"83",1.6969020539311,0.167241253890639,2.9670627208956,0.590208198329685,1.41239293834019e-06,-1.19092717125194e-06,1.13339669115012e-05
"84",1.73935257998869,0.223533709037906,2.89253990174316,0.93950846188562,2.04744665049928e-06,-1.604349178538e-06,1.11561512666676e-05
"85",1.75260131950131,0.087523614915337,2.94387922728597,0.507768389300038,1.64150722467546e-06,-1.20651282679017e-06,1.10112214713931e-05
"86",1.54722376082071,0.0692981983823356,2.90509693667123,0.531612004922266,1.38729960808747e-06,-1.11083638997369e-06,1.14187644785883e-05
"87",1.74530326047072,0.118358982861207,2.99800381843485,0.628905686113447,1.48209126504863e-06,-8.21696820536671e-07,1.11635567168469e-05
"88",1.77841642461593,-0.399491874010437,3.05670673889623,0.887649910331156,1.57093893845713e-06,-5.3238099238768e-07,1.00491835797439e-05
"89",1.76377162352342,-0.269163647569591,3.0187070173097,1.30007660096789,1.69035269728721e-06,-3.95931255658698e-07,9.6561071340273e-06
"90",1.74602014757071,0.232896102751414,2.75245647757027,0.0339484661230315,1.27731592407099e-06,-8.61801926772995e-07,1.13687943718498e-05
"91",1.64312728751844,-0.100885952583659,3.01753218905902,0.480057700796141,1.70688365495118e-06,-6.64519542184167e-07,9.77703781023551e-06
"92",1.64312728751844,-0.100885952583659,3.01753218905902,0.480057700796141,1.70688365495118e-06,-6.64519542184167e-07,9.77703781023551e-06
"93",1.78601436463277,-0.0857604730546455,2.86596847436958,0.90366545610379,1.60272592165453e-06,-1.03945499846145e-06,1.06751868007242e-05
"94",1.78628608669644,0.211745923755346,2.96276472583724,0.695647331294944,1.56004079590385e-06,-1.17154598614752e-06,1.12825840259082e-05
"95",1.79671344322505,-0.0494298020299864,2.85621505024753,0.35484788823583,1.49120453739093e-06,-1.07005293597684e-06,1.12439720839417e-05
"96",1.80756278550271,-0.430223716927498,2.96267105058686,0.54050290990389,1.47145588032961e-06,-6.62371221109995e-07,1.06000358163741e-05
"97",1.6234389674757,0.122161705544615,2.93390403821915,1.04795039746677,1.53357371333563e-06,-8.0346657278045e-07,1.07567498280041e-05
"98",1.69979153394838,0.143661161314668,3.01848011896754,1.07244205768214,1.51368079380577e-06,-7.36582968299804e-07,1.04133700377092e-05
"99",1.66276363369929,-0.0376104800043796,2.82091041929587,0.352735839813001,1.72459081334234e-06,-5.38741090462231e-07,1.00924695839699e-05
"100",1.72868068922452,-0.194916156989916,2.85520975289487,0.710957689705141,1.58322250743178e-06,-7.32080277037977e-07,1.04043981621156e-05
"101",1.68295771782374,0.0698244375015455,2.91928318238131,0.614872497682346,1.78008524270177e-06,-5.67750841900181e-07,9.53126583872064e-06
"102",1.53321728196274,-0.012441665995145,2.97102133636389,0.724814630908117,1.51747925742227e-06,-7.89618230894165e-07,1.05214661595028e-05
"103",1.64239557114351,-0.148399555020128,3.02535249620471,0.506379289438919,1.36454527603449e-06,-6.93254000943603e-07,1.10612295093245e-05
"104",1.68295771782374,0.0698244375015455,2.91928318238131,0.614872497682346,1.78008524270177e-06,-5.67750841900181e-07,9.53126583872064e-06
"105",1.85312107427875,-0.295645588222455,2.94202959062905,0.827062380010913,1.63715423728635e-06,-1.14742453420898e-06,1.09735507941301e-05
"106",1.54722376082071,0.0692981983823356,2.90509693667123,0.531612004922266,1.38729960808747e-06,-1.11083638997369e-06,1.14187644785883e-05
"107",1.78600975614331,-0.265433044099326,3.00670955573218,0.535582931929758,1.52637499066154e-06,-8.72785253941385e-07,1.06873339991536e-05
"108",1.85854814523382,-0.239622452865062,3.08380444883262,1.04812718092144,1.44628982448851e-06,-3.38581698188786e-07,1.00997763646881e-05
"109",1.64312728751844,-0.100885952583659,3.01753218905902,0.480057700796141,1.70688365495118e-06,-6.64519542184167e-07,9.77703781023551e-06
"110",1.74028578698264,-0.185748987111371,2.90042303901987,0.380642950147826,1.75422276086945e-06,-1.40427448389755e-06,1.11413150631446e-05
"111",1.65603734773764,0.158379117598308,3.03968803721491,1.0477819931074,1.65646446512666e-06,-6.6808019107828e-07,1.05009338917251e-05
"112",1.62668760763298,0.109164919790117,2.86776942767997,0.78024685408755,1.54715468596718e-06,-1.20054176456478e-06,1.10696570070832e-05
"113",1.6868602156582,0.252702446932911,3.00937342629907,0.841645816692546,1.16119990842444e-06,-8.72886279216126e-07,1.1025844810591e-05
"114",1.53321728196274,-0.012441665995145,2.97102133636389,0.724814630908117,1.51747925742227e-06,-7.89618230894165e-07,1.05214661595028e-05
"115",1.62835429327243,0.045984534560308,2.8695571124486,0.853568065626212,1.34269084265412e-06,-7.03181591106032e-07,1.03789311014339e-05
"116",1.64059559215557,0.084290066409201,2.9768698412829,0.654113748918538,1.41594553838973e-06,2.88773566589755e-08,9.37628290524686e-06
"117",1.77936814274236,0.289703339007737,3.08565468211369,1.08454185770473,1.47042622404113e-06,-9.46774997047258e-07,1.0608479749236e-05
"118",1.54722376082071,0.0692981983823356,2.90509693667123,0.531612004922266,1.38729960808747e-06,-1.11083638997369e-06,1.14187644785883e-05
"119",1.68303489957419,0.329218512407663,2.75377770284713,1.2712616634008,1.48191041487525e-06,-1.09092488047142e-06,1.09258872217126e-05
"120",1.54722376082071,0.0692981983823356,2.90509693667123,0.531612004922266,1.38729960808747e-06,-1.11083638997369e-06,1.14187644785883e-05
"121",1.53321728196274,-0.012441665995145,2.97102133636389,0.724814630908117,1.51747925742227e-06,-7.89618230894165e-07,1.05214661595028e-05
"122",1.7695317924012,-0.277755006922158,2.87302191767204,0.66772867281297,1.49797806494817e-06,-6.83344885565972e-07,1.03731231081953e-05
"123",1.8418333309698,-0.494806029978428,3.02441891322462,0.806788479274501,1.63953626104158e-06,-8.86283454678127e-07,1.07572194359625e-05
"124",1.68969018999821,-0.0512109181300927,3.09416855882385,0.750500945594814,1.51930761951016e-06,-9.13895506696644e-07,1.05392250993278e-05
"125",1.82261432529147,-0.208227753226767,2.90349105755635,0.870902295715795,1.34549819651904e-06,-5.59964527241262e-07,1.05058622069182e-05
"126",1.77937849994429,0.0402334582694466,2.72637927761072,0.73344145030223,1.78396459319953e-06,-7.21647415315217e-07,9.74527016664084e-06
"127",1.53321728196274,-0.012441665995145,2.97102133636389,0.724814630908117,1.51747925742227e-06,-7.89618230894165e-07,1.05214661595028e-05
"128",1.63541861459137,-0.101297787368983,2.87100505787347,0.676377095893567,1.60684826413287e-06,-8.713433810776e-07,1.02222395797883e-05
"129",1.67673536995743,0.151854832533081,3.1178990234257,1.32501789983714,1.79562022579401e-06,-4.66748147602979e-07,9.52899886446649e-06
"130",1.69725500352692,-0.294447911059867,2.86702764286705,0.668477745210012,1.47777043380392e-06,-1.27479766700511e-06,1.17820389717681e-05
"131",1.63390566843612,0.117896286976729,3.04451176289097,0.410854119454241,1.63415850922539e-06,-5.35109584174262e-07,9.89580947916603e-06
"132",1.69288748005204,-0.141064947082206,2.77934552596773,0.667661390922637,1.43461542395506e-06,-9.39485730827755e-07,1.07839201716527e-05
"133",1.6234389674757,0.122161705544615,2.93390403821915,1.04795039746677,1.53357371333563e-06,-8.0346657278045e-07,1.07567498280041e-05
"134",1.62668760763298,0.109164919790117,2.86776942767997,0.78024685408755,1.54715468596718e-06,-1.20054176456478e-06,1.10696570070832e-05
"135",1.64312728751844,-0.100885952583659,3.01753218905902,0.480057700796141,1.70688365495118e-06,-6.64519542184167e-07,9.77703781023551e-06
"136",1.72056406555742,-0.0705806498195728,3.01620662516437,0.869142681877669,1.47533326680098e-06,-7.4583912944265e-07,1.02897788515538e-05
"137",1.75771653524003,-0.271770350458705,3.02152496568364,0.698397372163255,1.53580646440037e-06,-3.40028508095074e-07,9.82454805524461e-06
"138",1.69725500352692,-0.294447911059867,2.86702764286705,0.668477745210012,1.47777043380392e-06,-1.27479766700511e-06,1.17820389717681e-05
"139",1.64239557114351,-0.148399555020128,3.02535249620471,0.506379289438919,1.36454527603449e-06,-6.93254000943603e-07,1.10612295093245e-05
"140",1.88139230190846,-0.494459598445657,2.98139676797828,0.662402036537764,2.26375250836772e-06,-9.35441901284752e-07,9.99398659541002e-06
"141",1.75861355684158,-0.207640586264134,2.93246867115404,0.672972027968476,1.59956881809547e-06,-5.94908214900764e-07,1.01108578819277e-05
"142",1.66276363369929,-0.0376104800043796,2.82091041929587,0.352735839813001,1.72459081334234e-06,-5.38741090462231e-07,1.00924695839699e-05
"143",1.53321728196274,-0.012441665995145,2.97102133636389,0.724814630908117,1.51747925742227e-06,-7.89618230894165e-07,1.05214661595028e-05
"144",1.99178753317998,-0.488763542406515,2.90731947282278,0.909971856056113,1.61699444044865e-06,-1.12539751568423e-06,1.09509684461676e-05
"145",1.54722376082071,0.0692981983823356,2.90509693667123,0.531612004922266,1.38729960808747e-06,-1.11083638997369e-06,1.14187644785883e-05
"146",1.62668760763298,0.109164919790117,2.86776942767997,0.78024685408755,1.54715468596718e-06,-1.20054176456478e-06,1.10696570070832e-05
"147",1.54722376082071,0.0692981983823356,2.90509693667123,0.531612004922266,1.38729960808747e-06,-1.11083638997369e-06,1.14187644785883e-05
"148",1.75260131950131,0.087523614915337,2.94387922728597,0.507768389300038,1.64150722467546e-06,-1.20651282679017e-06,1.10112214713931e-05
"149",1.6229852798869,0.0646352608052348,2.92152440607487,0.80871824346762,1.56624736584589e-06,-7.11497890037104e-07,1.00433553576684e-05
"150",1.61028772108395,-0.0501071367256488,2.92953921338244,0.872144412440362,1.88217731924896e-06,-8.308459762686e-07,1.0357158642615e-05
"151",1.87454566004006,-0.311178038463286,2.78746760981678,0.566245901712754,1.48868153641807e-06,-6.81874446011805e-07,1.02579225949787e-05
"152",1.54722376082071,0.0692981983823356,2.90509693667123,0.531612004922266,1.38729960808747e-06,-1.11083638997369e-06,1.14187644785883e-05
"153",1.78600975614331,-0.265433044099326,3.00670955573218,0.535582931929758,1.52637499066154e-06,-8.72785253941385e-07,1.06873339991536e-05
"154",1.70980584702023,-0.324883575740345,2.82727214885943,1.14236249810502,1.69752501708731e-06,-7.54767502063281e-07,1.00861560830166e-05
"155",1.8418333309698,-0.494806029978428,3.02441891322462,0.806788479274501,1.63953626104158e-06,-8.86283454678127e-07,1.07572194359625e-05
"156",1.7644831140287,0.0474116290979403,3.08950099948188,1.01470681285106,1.69334596279371e-06,-5.09584413593502e-07,9.66030318217545e-06
"157",1.52860101722269,-0.235131542597698,2.7579772657556,1.16718496230633,1.80853750888806e-06,-6.16282475031993e-07,9.84585404509777e-06
"158",1.67191509415583,-0.0401945607932421,2.87926302500931,0.570452048408669,1.47718709391223e-06,-7.9788403462043e-07,1.03363970409415e-05
"159",1.78600975614331,-0.265433044099326,3.00670955573218,0.535582931929758,1.52637499066154e-06,-8.72785253941385e-07,1.06873339991536e-05
"160",1.73935257998869,0.223533709037906,2.89253990174316,0.93950846188562,2.04744665049928e-06,-1.604349178538e-06,1.11561512666676e-05
"161",1.64239557114351,-0.148399555020128,3.02535249620471,0.506379289438919,1.36454527603449e-06,-6.93254000943603e-07,1.10612295093245e-05
"162",1.53321728196274,-0.012441665995145,2.97102133636389,0.724814630908117,1.51747925742227e-06,-7.89618230894165e-07,1.05214661595028e-05
"163",1.78435608485922,-0.242841209461551,2.95779140149875,0.679818915575107,1.56051690469897e-06,-5.9030783289091e-07,9.6516992660499e-06
"164",1.53321728196274,-0.012441665995145,2.97102133636389,0.724814630908117,1.51747925742227e-06,-7.89618230894165e-07,1.05214661595028e-05
"165",1.53321728196274,-0.012441665995145,2.97102133636389,0.724814630908117,1.51747925742227e-06,-7.89618230894165e-07,1.05214661595028e-05
"166",1.65892712653276,-0.0922892642617867,2.92444377106339,0.523014663316584,1.56917511770436e-06,-5.92288767757012e-07,1.03957831950628e-05
"167",1.7695317924012,-0.277755006922158,2.87302191767204,0.66772867281297,1.49797806494817e-06,-6.83344885565972e-07,1.03731231081953e-05
"168",1.78351510836445,-0.400778717243745,2.8778917998277,0.884120421610505,1.48267475834702e-06,-8.8764054783186e-07,1.05915130296087e-05
"169",1.69725500352692,-0.294447911059867,2.86702764286705,0.668477745210012,1.47777043380392e-06,-1.27479766700511e-06,1.17820389717681e-05
"170",1.69725500352692,-0.294447911059867,2.86702764286705,0.668477745210012,1.47777043380392e-06,-1.27479766700511e-06,1.17820389717681e-05
"171",1.75861355684158,-0.207640586264134,2.93246867115404,0.672972027968476,1.59956881809547e-06,-5.94908214900764e-07,1.01108578819277e-05
"172",1.60918881197579,0.49295394622344,2.94295580795637,0.46438300688168,1.26783969758545e-06,-1.02092188392253e-06,1.12527105542501e-05
"173",1.63541861459137,-0.101297787368983,2.87100505787347,0.676377095893567,1.60684826413287e-06,-8.713433810776e-07,1.02222395797883e-05
"174",1.68295771782374,0.0698244375015455,2.91928318238131,0.614872497682346,1.78008524270177e-06,-5.67750841900181e-07,9.53126583872064e-06
"175",1.67795629339393,-0.0046828578372709,3.03941445134057,1.23829813255435,1.16906222642217e-06,-4.57486969355518e-07,1.04051736216989e-05
"176",1.54722376082071,0.0692981983823356,2.90509693667123,0.531612004922266,1.38729960808747e-06,-1.11083638997369e-06,1.14187644785883e-05
"177",1.52860101722269,-0.235131542597698,2.7579772657556,1.16718496230633,1.80853750888806e-06,-6.16282475031993e-07,9.84585404509777e-06
"178",1.63820497781264,0.0814420040099507,2.93698535073423,0.888129686795006,1.6705925021196e-06,-5.09337275437506e-07,9.47870951583453e-06
"179",1.61028772108395,-0.0501071367256488,2.92953921338244,0.872144412440362,1.88217731924896e-06,-8.308459762686e-07,1.0357158642615e-05
"180",1.70980584702023,-0.324883575740345,2.82727214885943,1.14236249810502,1.69752501708731e-06,-7.54767502063281e-07,1.00861560830166e-05
"181",1.75861355684158,-0.207640586264134,2.93246867115404,0.672972027968476,1.59956881809547e-06,-5.94908214900764e-07,1.01108578819277e-05
"182",1.53321728196274,-0.012441665995145,2.97102133636389,0.724814630908117,1.51747925742227e-06,-7.89618230894165e-07,1.05214661595028e-05
"183",1.78351510836445,-0.400778717243745,2.8778917998277,0.884120421610505,1.48267475834702e-06,-8.8764054783186e-07,1.05915130296087e-05
"184",1.72868068922452,-0.194916156989916,2.85520975289487,0.710957689705141,1.58322250743178e-06,-7.32080277037977e-07,1.04043981621156e-05
"185",1.79139097832244,0.122354213648815,3.00648905186126,0.725284959310289,1.84695131110589e-06,-3.60342861198052e-07,8.94378857820628e-06
"186",1.5202895780354,-0.383890336707505,3.00522025134147,0.940669078709572,1.70931290737706e-06,-5.85567758079632e-07,1.00572903729392e-05
"187",1.78435608485922,-0.242841209461551,2.95779140149875,0.679818915575107,1.56051690469897e-06,-5.9030783289091e-07,9.6516992660499e-06
"188",1.73488052550432,-0.0508167958223817,3.05898007637062,0.996338417753395,1.94447840156996e-06,-5.74794713347597e-07,9.36134150510815e-06
"189",1.78608851057131,-0.348461115942618,2.93126442347602,1.03881820135024,1.74940880213725e-06,-5.73258351983947e-07,1.02070100135676e-05
"190",1.54722376082071,0.0692981983823356,2.90509693667123,0.531612004922266,1.38729960808747e-06,-1.11083638997369e-06,1.14187644785883e-05
"191",1.53321728196274,-0.012441665995145,2.97102133636389,0.724814630908117,1.51747925742227e-06,-7.89618230894165e-07,1.05214661595028e-05
"192",1.53321728196274,-0.012441665995145,2.97102133636389,0.724814630908117,1.51747925742227e-06,-7.89618230894165e-07,1.05214661595028e-05
"193",1.54722376082071,0.0692981983823356,2.90509693667123,0.531612004922266,1.38729960808747e-06,-1.11083638997369e-06,1.14187644785883e-05
"194",1.53321728196274,-0.012441665995145,2.97102133636389,0.724814630908117,1.51747925742227e-06,-7.89618230894165e-07,1.05214661595028e-05
"195",1.79671344322505,-0.0494298020299864,2.85621505024753,0.35484788823583,1.49120453739093e-06,-1.07005293597684e-06,1.12439720839417e-05
"196",1.68295771782374,0.0698244375015455,2.91928318238131,0.614872497682346,1.78008524270177e-06,-5.67750841900181e-07,9.53126583872064e-06
"197",1.5202895780354,-0.383890336707505,3.00522025134147,0.940669078709572,1.70931290737706e-06,-5.85567758079632e-07,1.00572903729392e-05
"198",1.77841642461593,-0.399491874010437,3.05670673889623,0.887649910331156,1.57093893845713e-06,-5.3238099238768e-07,1.00491835797439e-05
"199",1.53321728196274,-0.012441665995145,2.97102133636389,0.724814630908117,1.51747925742227e-06,-7.89618230894165e-07,1.05214661595028e-05
"200",1.38977909116733,0.321888578074388,3.12753872188037,0.667176363297862,1.85169094072597e-06,-3.7805755996769e-07,9.65280345188751e-06
"201",1.63820497781264,0.0814420040099507,2.93698535073423,0.888129686795006,1.6705925021196e-06,-5.09337275437506e-07,9.47870951583453e-06
"202",1.61028772108395,-0.0501071367256488,2.92953921338244,0.872144412440362,1.88217731924896e-06,-8.308459762686e-07,1.0357158642615e-05
"203",1.71482901273233,0.09153123384418,2.94056327219966,0.919623114078645,1.92067299122653e-06,-7.67276154551009e-07,9.8060264725166e-06
"204",1.72868068922452,-0.194916156989916,2.85520975289487,0.710957689705141,1.58322250743178e-06,-7.32080277037977e-07,1.04043981621156e-05
"205",1.6234389674757,0.122161705544615,2.93390403821915,1.04795039746677,1.53357371333563e-06,-8.0346657278045e-07,1.07567498280041e-05
"206",1.53321728196274,-0.012441665995145,2.97102133636389,0.724814630908117,1.51747925742227e-06,-7.89618230894165e-07,1.05214661595028e-05
"207",1.53321728196274,-0.012441665995145,2.97102133636389,0.724814630908117,1.51747925742227e-06,-7.89618230894165e-07,1.05214661595028e-05
"208",1.82141650183146,-0.227769922165522,3.17270945140506,0.429707653285603,1.29287945861428e-06,-8.33756144853612e-07,1.07183927622767e-05
"209",1.67446692641658,0.426458573340126,2.86379972819258,0.74503718978734,1.45907972741807e-06,-5.97549486062138e-07,1.00760231563031e-05
"210",1.69288748005204,-0.141064947082206,2.77934552596773,0.667661390922637,1.43461542395506e-06,-9.39485730827755e-07,1.07839201716527e-05
"211",1.61548982977139,-0.15878442266163,2.84061038433374,0.883881334862623,1.4702426430143e-06,-9.42643040929619e-07,1.0539733902773e-05
"212",1.72809759492126,-0.141951802160521,2.87017791079263,1.31689737475722,1.84943040484426e-06,-8.27432920774446e-07,9.8808140130849e-06
"213",1.53321728196274,-0.012441665995145,2.97102133636389,0.724814630908117,1.51747925742227e-06,-7.89618230894165e-07,1.05214661595028e-05
"214",1.67699034814348,-0.101690459581946,2.89119381129057,0.700626623544475,1.68998971667861e-06,-1.41861120588801e-07,9.30917831135709e-06
"215",1.57671969631915,0.287366012450002,2.8982235628266,0.721919326474923,1.76540248258146e-06,-9.49799841616514e-07,1.02928462472594e-05
"216",1.78608851057131,-0.348461115942618,2.93126442347602,1.03881820135024,1.74940880213725e-06,-5.73258351983947e-07,1.02070100135676e-05
"217",1.53321728196274,-0.012441665995145,2.97102133636389,0.724814630908117,1.51747925742227e-06,-7.89618230894165e-07,1.05214661595028e-05
"218",1.76562145890942,0.0236203689170223,3.0124515623969,0.611304198345694,1.59287545593578e-06,-8.08709680211317e-07,1.03580835833307e-05
"219",1.53321728196274,-0.012441665995145,2.97102133636389,0.724814630908117,1.51747925742227e-06,-7.89618230894165e-07,1.05214661595028e-05
"220",1.6229852798869,0.0646352608052348,2.92152440607487,0.80871824346762,1.56624736584589e-06,-7.11497890037104e-07,1.00433553576684e-05
"221",1.69288748005204,-0.141064947082206,2.77934552596773,0.667661390922637,1.43461542395506e-06,-9.39485730827755e-07,1.07839201716527e-05
"222",1.7695317924012,-0.277755006922158,2.87302191767204,0.66772867281297,1.49797806494817e-06,-6.83344885565972e-07,1.03731231081953e-05
"223",1.54722376082071,0.0692981983823356,2.90509693667123,0.531612004922266,1.38729960808747e-06,-1.11083638997369e-06,1.14187644785883e-05
"224",1.77841642461593,-0.399491874010437,3.05670673889623,0.887649910331156,1.57093893845713e-06,-5.3238099238768e-07,1.00491835797439e-05
"225",1.80756278550271,-0.430223716927498,2.96267105058686,0.54050290990389,1.47145588032961e-06,-6.62371221109995e-07,1.06000358163741e-05
"226",1.38977909116733,0.321888578074388,3.12753872188037,0.667176363297862,1.85169094072597e-06,-3.7805755996769e-07,9.65280345188751e-06
"227",1.66175211039963,-0.0923696390598753,3.09889445468618,0.81867190335787,1.36499243121091e-06,-1.13283844737107e-06,1.14954104121787e-05
"228",1.78351510836445,-0.400778717243745,2.8778917998277,0.884120421610505,1.48267475834702e-06,-8.8764054783186e-07,1.05915130296087e-05
"229",1.6868602156582,0.252702446932911,3.00937342629907,0.841645816692546,1.16119990842444e-06,-8.72886279216126e-07,1.1025844810591e-05
"230",1.72868068922452,-0.194916156989916,2.85520975289487,0.710957689705141,1.58322250743178e-06,-7.32080277037977e-07,1.04043981621156e-05
"231",1.69900252089908,0.0120431729765396,3.11562422415777,0.752076790597429,1.39406314260785e-06,-8.90462769508256e-07,1.11026678571374e-05
"232",1.55866337448693,0.112288664201711,3.16801930075787,1.02723787723445,1.76731471793168e-06,-8.82473545412489e-07,1.0190749428887e-05
"233",1.79334664829636,-0.0272143212890833,2.71128949853323,0.378600023102692,1.46564479904579e-06,-3.25594594175428e-07,9.36623637181502e-06
"234",1.75229887650991,-0.31983728928629,2.8698017374044,0.835770733078239,1.58526293242979e-06,-7.99248297330347e-07,1.0106586135478e-05
"235",1.70175508839757,0.0200199439216521,2.93494805413911,0.905508959318092,1.60574057162556e-06,-9.24756107231025e-07,1.06609442538581e-05
"236",1.66175211039963,-0.0923696390598753,3.09889445468618,0.81867190335787,1.36499243121091e-06,-1.13283844737107e-06,1.14954104121787e-05
"237",1.75115054531407,-0.0690615369277497,2.93397293882875,0.647751894331427,1.49837396247343e-06,-3.79831622127622e-07,9.89817954871475e-06
"238",1.67673536995743,0.151854832533081,3.1178990234257,1.32501789983714,1.79562022579401e-06,-4.66748147602979e-07,9.52899886446649e-06
"239",1.54722376082071,0.0692981983823356,2.90509693667123,0.531612004922266,1.38729960808747e-06,-1.11083638997369e-06,1.14187644785883e-05
"240",1.83932602562968,-0.00408541599691176,2.98879837451357,0.946634157219249,1.47457186664087e-06,-3.92570284198049e-07,9.86130869831187e-06
"241",1.80756278550271,-0.430223716927498,2.96267105058686,0.54050290990389,1.47145588032961e-06,-6.62371221109995e-07,1.06000358163741e-05
"242",1.6654281378466,-0.0937378064033882,3.00945261930363,0.948284654019844,1.59817459107704e-06,-1.2262233865588e-07,8.9293050091206e-06
"243",1.84710765959003,-0.314609537449017,3.02012204021785,1.02007957973254,1.81073244793411e-06,-4.76900026725361e-07,9.33184203467012e-06
"244",1.53321728196274,-0.012441665995145,2.97102133636389,0.724814630908117,1.51747925742227e-06,-7.89618230894165e-07,1.05214661595028e-05
"245",1.79988153521038,-0.371305234860002,3.03401283831634,0.904245315224208,1.42996573142169e-06,-1.72688246151852e-07,9.51079670986697e-06
"246",1.5202895780354,-0.383890336707505,3.00522025134147,0.940669078709572,1.70931290737706e-06,-5.85567758079632e-07,1.00572903729392e-05
"247",1.71899038689316,-0.163950480807967,2.88149749454353,1.03753813571682,2.01424330326084e-06,-6.25682307701825e-07,9.30952640522592e-06
"248",1.82279570473843,0.323057672463156,2.95331130666479,0.839814354381019,1.4955653865716e-06,-6.65696565835733e-07,9.91454803908697e-06
"249",1.52038596291344,0.332476708467111,3.07348443788111,0.391397739432635,1.18688686418214e-06,-8.5007460227804e-07,1.11077680673369e-05
"250",1.71119451952795,0.125959845741376,2.98182670692934,0.751438672867849,1.28068147709884e-06,-6.61602588914762e-07,1.0378225993583e-05
"251",1.77841642461593,-0.399491874010437,3.05670673889623,0.887649910331156,1.57093893845713e-06,-5.3238099238768e-07,1.00491835797439e-05
"252",1.5202895780354,-0.383890336707505,3.00522025134147,0.940669078709572,1.70931290737706e-06,-5.85567758079632e-07,1.00572903729392e-05
"253",1.70980584702023,-0.324883575740345,2.82727214885943,1.14236249810502,1.69752501708731e-06,-7.54767502063281e-07,1.00861560830166e-05
"254",1.64312728751844,-0.100885952583659,3.01753218905902,0.480057700796141,1.70688365495118e-06,-6.64519542184167e-07,9.77703781023551e-06
"255",1.62230465328955,0.129858297205769,2.80541834511109,1.12109414565018,1.74604934335282e-06,-6.42945290161269e-07,9.89711732288394e-06
"256",1.68969018999821,-0.0512109181300927,3.09416855882385,0.750500945594814,1.51930761951016e-06,-9.13895506696644e-07,1.05392250993278e-05
"257",1.88139230190846,-0.494459598445657,2.98139676797828,0.662402036537764,2.26375250836772e-06,-9.35441901284752e-07,9.99398659541002e-06
"258",1.6868602156582,0.252702446932911,3.00937342629907,0.841645816692546,1.16119990842444e-06,-8.72886279216126e-07,1.1025844810591e-05
"259",1.63541861459137,-0.101297787368983,2.87100505787347,0.676377095893567,1.60684826413287e-06,-8.713433810776e-07,1.02222395797883e-05
"260",1.79985794275104,0.125214793091624,2.84673170248905,0.644365986629038,1.43896819371503e-06,-1.04618898176278e-06,1.10290107721665e-05
"261",1.62835429327243,0.045984534560308,2.8695571124486,0.853568065626212,1.34269084265412e-06,-7.03181591106032e-07,1.03789311014339e-05
"262",1.74628402077238,0.0307569743726615,3.10508453097347,1.20591633703147,1.91426066756887e-06,-4.41091245883828e-07,9.3171460874567e-06
"263",1.4546403878296,0.355928237357054,2.93256175623538,0.499639792439379,1.64480234751656e-06,-5.28768450511069e-07,9.7502578083205e-06
"264",1.78423178652488,-0.0785928039786385,2.98421875686772,0.844018814597424,1.87089361808145e-06,-1.26097496352164e-07,8.76268391038797e-06
"265",1.70980584702023,-0.324883575740345,2.82727214885943,1.14236249810502,1.69752501708731e-06,-7.54767502063281e-07,1.00861560830166e-05
"266",1.72868068922452,-0.194916156989916,2.85520975289487,0.710957689705141,1.58322250743178e-06,-7.32080277037977e-07,1.04043981621156e-05
"267",1.75229887650991,-0.31983728928629,2.8698017374044,0.835770733078239,1.58526293242979e-06,-7.99248297330347e-07,1.0106586135478e-05
"268",1.38977909116733,0.321888578074388,3.12753872188037,0.667176363297862,1.85169094072597e-06,-3.7805755996769e-07,9.65280345188751e-06
"269",1.78608851057131,-0.348461115942618,2.93126442347602,1.03881820135024,1.74940880213725e-06,-5.73258351983947e-07,1.02070100135676e-05
"270",1.78351510836445,-0.400778717243745,2.8778917998277,0.884120421610505,1.48267475834702e-06,-8.8764054783186e-07,1.05915130296087e-05
"271",1.53321728196274,-0.012441665995145,2.97102133636389,0.724814630908117,1.51747925742227e-06,-7.89618230894165e-07,1.05214661595028e-05
"272",1.6234389674757,0.122161705544615,2.93390403821915,1.04795039746677,1.53357371333563e-06,-8.0346657278045e-07,1.07567498280041e-05
"273",1.53321728196274,-0.012441665995145,2.97102133636389,0.724814630908117,1.51747925742227e-06,-7.89618230894165e-07,1.05214661595028e-05
"274",1.61028772108395,-0.0501071367256488,2.92953921338244,0.872144412440362,1.88217731924896e-06,-8.308459762686e-07,1.0357158642615e-05
"275",1.771287562617,-0.22453051420852,3.01078512328369,0.350163695972566,1.5326756243381e-06,-1.17961643527944e-06,1.12211659031598e-05
"276",1.38977909116733,0.321888578074388,3.12753872188037,0.667176363297862,1.85169094072597e-06,-3.7805755996769e-07,9.65280345188751e-06
"277",1.61096002734692,-0.00152195370409364,2.94596380852142,0.980826990205736,1.49269220045225e-06,-7.99165469886419e-07,1.08466197064907e-05
"278",1.71899038689316,-0.163950480807967,2.88149749454353,1.03753813571682,2.01424330326084e-06,-6.25682307701825e-07,9.30952640522592e-06
"279",1.6729614877746,-0.120571563063687,3.09977603320596,0.448733239243636,1.87469830536338e-06,-4.70218719702753e-07,9.67771748336816e-06
"280",1.62668760763298,0.109164919790117,2.86776942767997,0.78024685408755,1.54715468596718e-06,-1.20054176456478e-06,1.10696570070832e-05
"281",1.55866337448693,0.112288664201711,3.16801930075787,1.02723787723445,1.76731471793168e-06,-8.82473545412489e-07,1.0190749428887e-05
"282",1.5202895780354,-0.383890336707505,3.00522025134147,0.940669078709572,1.70931290737706e-06,-5.85567758079632e-07,1.00572903729392e-05
"283",2.0308293899076,-0.381738388760849,3.22643126900307,0.355715251125426,1.489281418893e-06,-8.51663140839617e-07,1.0602401573443e-05
"284",1.77841642461593,-0.399491874010437,3.05670673889623,0.887649910331156,1.57093893845713e-06,-5.3238099238768e-07,1.00491835797439e-05
"285",1.68969018999821,-0.0512109181300927,3.09416855882385,0.750500945594814,1.51930761951016e-06,-9.13895506696644e-07,1.05392250993278e-05
"286",1.6932749739049,-0.129285357517293,2.9772366090585,0.97080081124394,1.76569926675277e-06,-7.31601793030249e-07,9.87815310131554e-06
"287",1.69725500352692,-0.294447911059867,2.86702764286705,0.668477745210012,1.47777043380392e-06,-1.27479766700511e-06,1.17820389717681e-05
"288",1.73488052550432,-0.0508167958223817,3.05898007637062,0.996338417753395,1.94447840156996e-06,-5.74794713347597e-07,9.36134150510815e-06
"289",1.62835429327243,0.045984534560308,2.8695571124486,0.853568065626212,1.34269084265412e-06,-7.03181591106032e-07,1.03789311014339e-05
"290",1.88139230190846,-0.494459598445657,2.98139676797828,0.662402036537764,2.26375250836772e-06,-9.35441901284752e-07,9.99398659541002e-06
"291",1.80756278550271,-0.430223716927498,2.96267105058686,0.54050290990389,1.47145588032961e-06,-6.62371221109995e-07,1.06000358163741e-05
"292",1.78351510836445,-0.400778717243745,2.8778917998277,0.884120421610505,1.48267475834702e-06,-8.8764054783186e-07,1.05915130296087e-05
"293",1.71119451952795,0.125959845741376,2.98182670692934,0.751438672867849,1.28068147709884e-06,-6.61602588914762e-07,1.0378225993583e-05
"294",1.80756278550271,-0.430223716927498,2.96267105058686,0.54050290990389,1.47145588032961e-06,-6.62371221109995e-07,1.06000358163741e-05
"295",1.78608851057131,-0.348461115942618,2.93126442347602,1.03881820135024,1.74940880213725e-06,-5.73258351983947e-07,1.02070100135676e-05
"296",1.63820497781264,0.0814420040099507,2.93698535073423,0.888129686795006,1.6705925021196e-06,-5.09337275437506e-07,9.47870951583453e-06
"297",1.53321728196274,-0.012441665995145,2.97102133636389,0.724814630908117,1.51747925742227e-06,-7.89618230894165e-07,1.05214661595028e-05
"298",1.53321728196274,-0.012441665995145,2.97102133636389,0.724814630908117,1.51747925742227e-06,-7.89618230894165e-07,1.05214661595028e-05
"299",1.6403079107465,-0.278712147113571,3.02229294460785,1.03452340225927,1.77156543415892e-06,-5.0334646264234e-07,9.89248580099919e-06
"300",1.75229887650991,-0.31983728928629,2.8698017374044,0.835770733078239,1.58526293242979e-06,-7.99248297330347e-07,1.0106586135478e-05
"301",1.61028772108395,-0.0501071367256488,2.92953921338244,0.872144412440362,1.88217731924896e-06,-8.308459762686e-07,1.0357158642615e-05
"302",1.73735423138619,0.153460094556776,3.08552245433384,0.773265055081413,1.96889108365519e-06,-9.54069575852339e-07,9.96193339721658e-06
"303",1.80170512772438,-0.180335060162656,2.84373483710435,0.950935943395576,1.7015343982241e-06,-1.05595961450273e-06,1.05095131607365e-05
"304",1.67191509415583,-0.0401945607932421,2.87926302500931,0.570452048408669,1.47718709391223e-06,-7.9788403462043e-07,1.03363970409415e-05
"305",1.69979153394838,0.143661161314668,3.01848011896754,1.07244205768214,1.51368079380577e-06,-7.36582968299804e-07,1.04133700377092e-05
"306",1.72809759492126,-0.141951802160521,2.87017791079263,1.31689737475722,1.84943040484426e-06,-8.27432920774446e-07,9.8808140130849e-06
"307",1.64239557114351,-0.148399555020128,3.02535249620471,0.506379289438919,1.36454527603449e-06,-6.93254000943603e-07,1.10612295093245e-05
"308",1.65111265750378,0.316707988289097,2.89368440235704,0.850436038224837,1.70713653612657e-06,-1.27500392041149e-06,1.08441378971725e-05
"309",1.6403079107465,-0.278712147113571,3.02229294460785,1.03452340225927,1.77156543415892e-06,-5.0334646264234e-07,9.89248580099919e-06
"310",1.7644831140287,0.0474116290979403,3.08950099948188,1.01470681285106,1.69334596279371e-06,-5.09584413593502e-07,9.66030318217545e-06
"311",1.6234389674757,0.122161705544615,2.93390403821915,1.04795039746677,1.53357371333563e-06,-8.0346657278045e-07,1.07567498280041e-05
"312",1.78600975614331,-0.265433044099326,3.00670955573218,0.535582931929758,1.52637499066154e-06,-8.72785253941385e-07,1.06873339991536e-05
"313",1.66276363369929,-0.0376104800043796,2.82091041929587,0.352735839813001,1.72459081334234e-06,-5.38741090462231e-07,1.00924695839699e-05
"314",1.69288748005204,-0.141064947082206,2.77934552596773,0.667661390922637,1.43461542395506e-06,-9.39485730827755e-07,1.07839201716527e-05
"315",1.80756278550271,-0.430223716927498,2.96267105058686,0.54050290990389,1.47145588032961e-06,-6.62371221109995e-07,1.06000358163741e-05
"316",1.77293744102023,-0.0921685562293358,2.95049146661367,1.05265010120643,1.78797021179127e-06,-6.51861469289074e-07,9.81879599681469e-06
"317",1.53321728196274,-0.012441665995145,2.97102133636389,0.724814630908117,1.51747925742227e-06,-7.89618230894165e-07,1.05214661595028e-05
"318",1.75229887650991,-0.31983728928629,2.8698017374044,0.835770733078239,1.58526293242979e-06,-7.99248297330347e-07,1.0106586135478e-05
"319",1.4546403878296,0.355928237357054,2.93256175623538,0.499639792439379,1.64480234751656e-06,-5.28768450511069e-07,9.7502578083205e-06
"320",1.63615217720801,-0.268001149789557,2.81115650824859,0.88163260711523,1.92293065350241e-06,-1.1146455475826e-06,1.04568399221182e-05
"321",1.72795785090009,-0.0968265872968132,2.90304116429375,0.515322289050797,1.72629270290625e-06,-9.15840784232925e-07,1.08032515342125e-05
"322",1.6403079107465,-0.278712147113571,3.02229294460785,1.03452340225927,1.77156543415892e-06,-5.0334646264234e-07,9.89248580099919e-06
"323",1.74602014757071,0.232896102751414,2.75245647757027,0.0339484661230315,1.27731592407099e-06,-8.61801926772995e-07,1.13687943718498e-05
"324",1.78351510836445,-0.400778717243745,2.8778917998277,0.884120421610505,1.48267475834702e-06,-8.8764054783186e-07,1.05915130296087e-05
"325",1.53321728196274,-0.012441665995145,2.97102133636389,0.724814630908117,1.51747925742227e-06,-7.89618230894165e-07,1.05214661595028e-05
"326",1.75270946485632,-0.316270271091297,2.99614244566792,0.720147055995382,1.64413980140816e-06,-3.18547257364121e-07,9.87372526600303e-06
"327",1.71899038689316,-0.163950480807967,2.88149749454353,1.03753813571682,2.01424330326084e-06,-6.25682307701825e-07,9.30952640522592e-06
"328",1.66175211039963,-0.0923696390598753,3.09889445468618,0.81867190335787,1.36499243121091e-06,-1.13283844737107e-06,1.14954104121787e-05
"329",1.54722376082071,0.0692981983823356,2.90509693667123,0.531612004922266,1.38729960808747e-06,-1.11083638997369e-06,1.14187644785883e-05
"330",1.61028772108395,-0.0501071367256488,2.92953921338244,0.872144412440362,1.88217731924896e-06,-8.308459762686e-07,1.0357158642615e-05
"331",1.67193193614026,0.142741239517571,2.87216446985027,0.799679602356479,1.92578992111271e-06,-1.40537961198725e-07,8.56408262817527e-06
"332",1.60113925924639,0.23922429894726,3.10564156638864,0.364165432677269,1.6044788183944e-06,-1.01159454052298e-06,1.06919244532859e-05
"333",1.81118441075765,-0.159738370629558,3.01920030170526,0.719039972399088,1.37428605635279e-06,-5.21516123718642e-07,9.910021618681e-06
"334",1.65603734773764,0.158379117598308,3.03968803721491,1.0477819931074,1.65646446512666e-06,-6.6808019107828e-07,1.05009338917251e-05
"335",1.74585153418157,0.45515456374164,2.99135111301038,0.739700771208606,1.74103034641059e-06,-1.58746149387302e-06,1.15465989106902e-05
"336",1.8339377902397,0.185527390925877,2.94778310226711,0.907498810737156,1.37704444890115e-06,-4.26266062573108e-07,9.85381576150646e-06
"337",1.53321728196274,-0.012441665995145,2.97102133636389,0.724814630908117,1.51747925742227e-06,-7.89618230894165e-07,1.05214661595028e-05
"338",1.84710765959003,-0.314609537449017,3.02012204021785,1.02007957973254,1.81073244793411e-06,-4.76900026725361e-07,9.33184203467012e-06
"339",1.6932749739049,-0.129285357517293,2.9772366090585,0.97080081124394,1.76569926675277e-06,-7.31601793030249e-07,9.87815310131554e-06
"340",1.748068895876,-0.299047347968414,3.06442168369109,0.758280042704242,1.25735616967047e-06,-4.32394216791795e-07,1.04429804723917e-05
"341",1.7695317924012,-0.277755006922158,2.87302191767204,0.66772867281297,1.49797806494817e-06,-6.83344885565972e-07,1.03731231081953e-05
"342",1.61028772108395,-0.0501071367256488,2.92953921338244,0.872144412440362,1.88217731924896e-06,-8.308459762686e-07,1.0357158642615e-05
"343",1.60113925924639,0.23922429894726,3.10564156638864,0.364165432677269,1.6044788183944e-06,-1.01159454052298e-06,1.06919244532859e-05
"344",1.53321728196274,-0.012441665995145,2.97102133636389,0.724814630908117,1.51747925742227e-06,-7.89618230894165e-07,1.05214661595028e-05
"345",1.62835429327243,0.045984534560308,2.8695571124486,0.853568065626212,1.34269084265412e-06,-7.03181591106032e-07,1.03789311014339e-05
"346",1.72056406555742,-0.0705806498195728,3.01620662516437,0.869142681877669,1.47533326680098e-06,-7.4583912944265e-07,1.02897788515538e-05
"347",1.53321728196274,-0.012441665995145,2.97102133636389,0.724814630908117,1.51747925742227e-06,-7.89618230894165e-07,1.05214661595028e-05
"348",1.67370387814297,-0.0452674291966817,2.91541835623785,0.967114407052737,1.686226224937e-06,-8.19358749096727e-07,1.00945880268017e-05
"349",1.53321728196274,-0.012441665995145,2.97102133636389,0.724814630908117,1.51747925742227e-06,-7.89618230894165e-07,1.05214661595028e-05
"350",1.75042307194356,-0.133873133364542,2.964347885554,0.57796950247798,1.76783882268217e-06,-1.67704755351672e-07,9.55143451363307e-06
"351",1.61028772108395,-0.0501071367256488,2.92953921338244,0.872144412440362,1.88217731924896e-06,-8.308459762686e-07,1.0357158642615e-05
"352",1.63989900806622,0.343112343531171,2.92618787361842,0.64222242062585,1.38064328308149e-06,-9.36891862304919e-07,1.10259704230212e-05
"353",1.52038596291344,0.332476708467111,3.07348443788111,0.391397739432635,1.18688686418214e-06,-8.5007460227804e-07,1.11077680673369e-05
"354",1.52860101722269,-0.235131542597698,2.7579772657556,1.16718496230633,1.80853750888806e-06,-6.16282475031993e-07,9.84585404509777e-06
"355",1.6932749739049,-0.129285357517293,2.9772366090585,0.97080081124394,1.76569926675277e-06,-7.31601793030249e-07,9.87815310131554e-06
"356",1.53321728196274,-0.012441665995145,2.97102133636389,0.724814630908117,1.51747925742227e-06,-7.89618230894165e-07,1.05214661595028e-05
"357",1.87454566004006,-0.311178038463286,2.78746760981678,0.566245901712754,1.48868153641807e-06,-6.81874446011805e-07,1.02579225949787e-05
"358",1.53321728196274,-0.012441665995145,2.97102133636389,0.724814630908117,1.51747925742227e-06,-7.89618230894165e-07,1.05214661595028e-05
"359",1.53321728196274,-0.012441665995145,2.97102133636389,0.724814630908117,1.51747925742227e-06,-7.89618230894165e-07,1.05214661595028e-05
"360",1.78351510836445,-0.400778717243745,2.8778917998277,0.884120421610505,1.48267475834702e-06,-8.8764054783186e-07,1.05915130296087e-05
"361",1.4870612533171,0.67777496944622,2.71969874064026,0.824443134065934,1.71022878480211e-06,-8.61219708221926e-07,1.00924142003796e-05
"362",1.78423178652488,-0.0785928039786385,2.98421875686772,0.844018814597424,1.87089361808145e-06,-1.26097496352164e-07,8.76268391038797e-06
"363",1.62668760763298,0.109164919790117,2.86776942767997,0.78024685408755,1.54715468596718e-06,-1.20054176456478e-06,1.10696570070832e-05
"364",1.71482901273233,0.09153123384418,2.94056327219966,0.919623114078645,1.92067299122653e-06,-7.67276154551009e-07,9.8060264725166e-06
"365",1.71905948419954,0.120168011830655,2.9640274293211,0.999801280108986,1.39920809971893e-06,-8.11865187684068e-07,1.06957915988859e-05
"366",1.81637902533758,0.00837755290611669,2.97583465515424,0.732454177466072,1.6090449358601e-06,-9.66484129918154e-07,1.06364264631031e-05
"367",1.633508641118,0.0780970729088672,2.97286512059547,0.130832878071464,1.71863545996596e-06,-2.73185385897392e-07,9.67394257620346e-06
"368",1.75270946485632,-0.316270271091297,2.99614244566792,0.720147055995382,1.64413980140816e-06,-3.18547257364121e-07,9.87372526600303e-06
"369",1.87454566004006,-0.311178038463286,2.78746760981678,0.566245901712754,1.48868153641807e-06,-6.81874446011805e-07,1.02579225949787e-05
"370",1.53321728196274,-0.012441665995145,2.97102133636389,0.724814630908117,1.51747925742227e-06,-7.89618230894165e-07,1.05214661595028e-05
"371",1.64239557114351,-0.148399555020128,3.02535249620471,0.506379289438919,1.36454527603449e-06,-6.93254000943603e-07,1.10612295093245e-05
"372",1.88139230190846,-0.494459598445657,2.98139676797828,0.662402036537764,2.26375250836772e-06,-9.35441901284752e-07,9.99398659541002e-06
"373",1.53321728196274,-0.012441665995145,2.97102133636389,0.724814630908117,1.51747925742227e-06,-7.89618230894165e-07,1.05214661595028e-05
"374",1.53321728196274,-0.012441665995145,2.97102133636389,0.724814630908117,1.51747925742227e-06,-7.89618230894165e-07,1.05214661595028e-05
"375",1.85929722197203,-0.0928115220446659,2.93786209230501,0.809544479315309,1.65421620832621e-06,-6.70546165583699e-07,1.01109392232602e-05
"376",1.62835429327243,0.045984534560308,2.8695571124486,0.853568065626212,1.34269084265412e-06,-7.03181591106032e-07,1.03789311014339e-05
"377",1.5966833090723,0.283899883793274,3.29409993105438,0.606260175434774,1.60909017083821e-06,-3.3197270160255e-07,9.13826828242917e-06
"378",1.61096002734692,-0.00152195370409364,2.94596380852142,0.980826990205736,1.49269220045225e-06,-7.99165469886419e-07,1.08466197064907e-05
"379",1.6516380712504,0.0627708676251861,2.86524096797485,1.15629295378874,1.87006810599356e-06,-5.79242305712098e-07,9.46852103885411e-06
"380",1.8418333309698,-0.494806029978428,3.02441891322462,0.806788479274501,1.63953626104158e-06,-8.86283454678127e-07,1.07572194359625e-05
"381",1.79671344322505,-0.0494298020299864,2.85621505024753,0.35484788823583,1.49120453739093e-06,-1.07005293597684e-06,1.12439720839417e-05
"382",1.7695317924012,-0.277755006922158,2.87302191767204,0.66772867281297,1.49797806494817e-06,-6.83344885565972e-07,1.03731231081953e-05
"383",1.52860101722269,-0.235131542597698,2.7579772657556,1.16718496230633,1.80853750888806e-06,-6.16282475031993e-07,9.84585404509777e-06
"384",1.78351510836445,-0.400778717243745,2.8778917998277,0.884120421610505,1.48267475834702e-06,-8.8764054783186e-07,1.05915130296087e-05
"385",1.63541861459137,-0.101297787368983,2.87100505787347,0.676377095893567,1.60684826413287e-06,-8.713433810776e-07,1.02222395797883e-05
"386",1.80756278550271,-0.430223716927498,2.96267105058686,0.54050290990389,1.47145588032961e-06,-6.62371221109995e-07,1.06000358163741e-05
"387",1.72868068922452,-0.194916156989916,2.85520975289487,0.710957689705141,1.58322250743178e-06,-7.32080277037977e-07,1.04043981621156e-05
"388",1.83320588250249,0.202731356893707,2.96301062170599,0.711381967872033,1.78275931624988e-06,-1.49729636786726e-06,1.13189723046096e-05
"389",1.85854814523382,-0.239622452865062,3.08380444883262,1.04812718092144,1.44628982448851e-06,-3.38581698188786e-07,1.00997763646881e-05
"390",1.66175211039963,-0.0923696390598753,3.09889445468618,0.81867190335787,1.36499243121091e-06,-1.13283844737107e-06,1.14954104121787e-05
"391",1.64239557114351,-0.148399555020128,3.02535249620471,0.506379289438919,1.36454527603449e-06,-6.93254000943603e-07,1.10612295093245e-05
"392",1.4546403878296,0.355928237357054,2.93256175623538,0.499639792439379,1.64480234751656e-06,-5.28768450511069e-07,9.7502578083205e-06
"393",1.78608851057131,-0.348461115942618,2.93126442347602,1.03881820135024,1.74940880213725e-06,-5.73258351983947e-07,1.02070100135676e-05
"394",1.54722376082071,0.0692981983823356,2.90509693667123,0.531612004922266,1.38729960808747e-06,-1.11083638997369e-06,1.14187644785883e-05
"395",1.52860101722269,-0.235131542597698,2.7579772657556,1.16718496230633,1.80853750888806e-06,-6.16282475031993e-07,9.84585404509777e-06
"396",1.60445061912932,0.0822435980527174,2.88566432552593,1.0512204170707,1.5691862820129e-06,-2.6100095285649e-07,9.62631615134283e-06
"397",1.75042307194356,-0.133873133364542,2.964347885554,0.57796950247798,1.76783882268217e-06,-1.67704755351672e-07,9.55143451363307e-06
"398",1.53321728196274,-0.012441665995145,2.97102133636389,0.724814630908117,1.51747925742227e-06,-7.89618230894165e-07,1.05214661595028e-05
"399",1.70980584702023,-0.324883575740345,2.82727214885943,1.14236249810502,1.69752501708731e-06,-7.54767502063281e-07,1.00861560830166e-05
"400",1.63541861459137,-0.101297787368983,2.87100505787347,0.676377095893567,1.60684826413287e-06,-8.713433810776e-07,1.02222395797883e-05
"401",1.62668760763298,0.109164919790117,2.86776942767997,0.78024685408755,1.54715468596718e-06,-1.20054176456478e-06,1.10696570070832e-05
"402",1.77841642461593,-0.399491874010437,3.05670673889623,0.887649910331156,1.57093893845713e-06,-5.3238099238768e-07,1.00491835797439e-05
"403",1.55866337448693,0.112288664201711,3.16801930075787,1.02723787723445,1.76731471793168e-06,-8.82473545412489e-07,1.0190749428887e-05
"404",1.82141650183146,-0.227769922165522,3.17270945140506,0.429707653285603,1.29287945861428e-06,-8.33756144853612e-07,1.07183927622767e-05
"405",1.62668760763298,0.109164919790117,2.86776942767997,0.78024685408755,1.54715468596718e-06,-1.20054176456478e-06,1.10696570070832e-05
"406",1.53321728196274,-0.012441665995145,2.97102133636389,0.724814630908117,1.51747925742227e-06,-7.89618230894165e-07,1.05214661595028e-05
"407",1.79671344322505,-0.0494298020299864,2.85621505024753,0.35484788823583,1.49120453739093e-06,-1.07005293597684e-06,1.12439720839417e-05
"408",1.54722376082071,0.0692981983823356,2.90509693667123,0.531612004922266,1.38729960808747e-06,-1.11083638997369e-06,1.14187644785883e-05
"409",1.86050732278864,-0.236760691363609,2.86222337275406,0.572690147378222,1.69846727351576e-06,-4.56788343872553e-07,9.61638568967876e-06
"410",1.5202895780354,-0.383890336707505,3.00522025134147,0.940669078709572,1.70931290737706e-06,-5.85567758079632e-07,1.00572903729392e-05
"411",1.86431133907888,-0.0830308334491255,2.93437596333777,1.20680632202575,1.54647720470107e-06,-6.49139680860115e-07,1.01135193957377e-05
"412",1.84996452593697,-0.0291414161708465,2.9692901338033,1.08955342511056,1.62815332955036e-06,-8.02909689760427e-07,1.04146183282429e-05
"413",1.69288748005204,-0.141064947082206,2.77934552596773,0.667661390922637,1.43461542395506e-06,-9.39485730827755e-07,1.07839201716527e-05
"414",1.69288748005204,-0.141064947082206,2.77934552596773,0.667661390922637,1.43461542395506e-06,-9.39485730827755e-07,1.07839201716527e-05
"415",1.748068895876,-0.299047347968414,3.06442168369109,0.758280042704242,1.25735616967047e-06,-4.32394216791795e-07,1.04429804723917e-05
"416",1.77542597705882,-0.270342824810309,2.92700587951121,0.721403937771672,1.5871585556758e-06,-6.01558249766537e-07,1.06327592897875e-05
"417",1.38977909116733,0.321888578074388,3.12753872188037,0.667176363297862,1.85169094072597e-06,-3.7805755996769e-07,9.65280345188751e-06
"418",1.52860101722269,-0.235131542597698,2.7579772657556,1.16718496230633,1.80853750888806e-06,-6.16282475031993e-07,9.84585404509777e-06
"419",1.61028772108395,-0.0501071367256488,2.92953921338244,0.872144412440362,1.88217731924896e-06,-8.308459762686e-07,1.0357158642615e-05
"420",1.61096002734692,-0.00152195370409364,2.94596380852142,0.980826990205736,1.49269220045225e-06,-7.99165469886419e-07,1.08466197064907e-05
"421",1.53321728196274,-0.012441665995145,2.97102133636389,0.724814630908117,1.51747925742227e-06,-7.89618230894165e-07,1.05214661595028e-05
"422",1.83778361053946,-0.347938139825805,2.83850245568197,1.05823061996831,1.32418990855962e-06,-1.09605244131487e-06,1.1348786361365e-05
"423",1.66175211039963,-0.0923696390598753,3.09889445468618,0.81867190335787,1.36499243121091e-06,-1.13283844737107e-06,1.14954104121787e-05
"424",1.60113925924639,0.23922429894726,3.10564156638864,0.364165432677269,1.6044788183944e-06,-1.01159454052298e-06,1.06919244532859e-05
"425",1.76377162352342,-0.269163647569591,3.0187070173097,1.30007660096789,1.69035269728721e-06,-3.95931255658698e-07,9.6561071340273e-06
"426",1.61028772108395,-0.0501071367256488,2.92953921338244,0.872144412440362,1.88217731924896e-06,-8.308459762686e-07,1.0357158642615e-05
"427",1.76461240894691,0.242666345202329,3.14007874009375,0.783326462198801,1.70363671838116e-06,-9.34137142353183e-07,1.063531497907e-05
"428",1.8418333309698,-0.494806029978428,3.02441891322462,0.806788479274501,1.63953626104158e-06,-8.86283454678127e-07,1.07572194359625e-05
"429",1.69288748005204,-0.141064947082206,2.77934552596773,0.667661390922637,1.43461542395506e-06,-9.39485730827755e-07,1.07839201716527e-05
"430",1.53321728196274,-0.012441665995145,2.97102133636389,0.724814630908117,1.51747925742227e-06,-7.89618230894165e-07,1.05214661595028e-05
"431",1.71905948419954,0.120168011830655,2.9640274293211,0.999801280108986,1.39920809971893e-06,-8.11865187684068e-07,1.06957915988859e-05
"432",1.79315678960267,0.0695828338188718,3.05330211268076,0.903387273428917,1.75263727844407e-06,-5.10944267446427e-07,9.68521660026146e-06
"433",1.63714393381904,0.148322432078152,2.80635086616429,1.23678068597005,1.8834633446747e-06,-3.39061140708381e-07,9.50545088101032e-06
"434",1.72868068922452,-0.194916156989916,2.85520975289487,0.710957689705141,1.58322250743178e-06,-7.32080277037977e-07,1.04043981621156e-05
"435",1.76562145890942,0.0236203689170223,3.0124515623969,0.611304198345694,1.59287545593578e-06,-8.08709680211317e-07,1.03580835833307e-05
"436",1.78435608485922,-0.242841209461551,2.95779140149875,0.679818915575107,1.56051690469897e-06,-5.9030783289091e-07,9.6516992660499e-06
"437",1.53321728196274,-0.012441665995145,2.97102133636389,0.724814630908117,1.51747925742227e-06,-7.89618230894165e-07,1.05214661595028e-05
"438",1.75270946485632,-0.316270271091297,2.99614244566792,0.720147055995382,1.64413980140816e-06,-3.18547257364121e-07,9.87372526600303e-06
"439",1.69725500352692,-0.294447911059867,2.86702764286705,0.668477745210012,1.47777043380392e-06,-1.27479766700511e-06,1.17820389717681e-05
"440",1.5202895780354,-0.383890336707505,3.00522025134147,0.940669078709572,1.70931290737706e-06,-5.85567758079632e-07,1.00572903729392e-05
"441",1.5202895780354,-0.383890336707505,3.00522025134147,0.940669078709572,1.70931290737706e-06,-5.85567758079632e-07,1.00572903729392e-05
"442",1.65892712653276,-0.0922892642617867,2.92444377106339,0.523014663316584,1.56917511770436e-06,-5.92288767757012e-07,1.03957831950628e-05
"443",1.60867305840902,0.412616004096791,3.00418300674064,0.908441359380693,1.43934303983606e-06,-6.57675675039354e-07,1.03687038931473e-05
"444",1.53321728196274,-0.012441665995145,2.97102133636389,0.724814630908117,1.51747925742227e-06,-7.89618230894165e-07,1.05214661595028e-05
"445",1.71905948419954,0.120168011830655,2.9640274293211,0.999801280108986,1.39920809971893e-06,-8.11865187684068e-07,1.06957915988859e-05
"446",1.75229887650991,-0.31983728928629,2.8698017374044,0.835770733078239,1.58526293242979e-06,-7.99248297330347e-07,1.0106586135478e-05
"447",1.6234389674757,0.122161705544615,2.93390403821915,1.04795039746677,1.53357371333563e-06,-8.0346657278045e-07,1.07567498280041e-05
"448",1.87261591049612,-0.452490334939953,3.18014657405775,0.914331730774958,1.58527566930779e-06,-1.09661131910449e-06,1.09653724831822e-05
"449",1.62668760763298,0.109164919790117,2.86776942767997,0.78024685408755,1.54715468596718e-06,-1.20054176456478e-06,1.10696570070832e-05
"450",1.94893187983581,-0.369264549439962,3.08116750337515,0.863775312013518,1.34018662088105e-06,-6.81522593231043e-07,1.04523074992217e-05
"451",1.72620670885236,-0.0407657243467809,3.11038832700111,0.410503958934838,1.70636871400072e-06,-7.47943445444735e-07,9.8512720834193e-06
"452",1.65892712653276,-0.0922892642617867,2.92444377106339,0.523014663316584,1.56917511770436e-06,-5.92288767757012e-07,1.03957831950628e-05
"453",1.53321728196274,-0.012441665995145,2.97102133636389,0.724814630908117,1.51747925742227e-06,-7.89618230894165e-07,1.05214661595028e-05
"454",1.53321728196274,-0.012441665995145,2.97102133636389,0.724814630908117,1.51747925742227e-06,-7.89618230894165e-07,1.05214661595028e-05
"455",1.54722376082071,0.0692981983823356,2.90509693667123,0.531612004922266,1.38729960808747e-06,-1.11083638997369e-06,1.14187644785883e-05
"456",1.75270946485632,-0.316270271091297,2.99614244566792,0.720147055995382,1.64413980140816e-06,-3.18547257364121e-07,9.87372526600303e-06
"457",1.68295771782374,0.0698244375015455,2.91928318238131,0.614872497682346,1.78008524270177e-06,-5.67750841900181e-07,9.53126583872064e-06
"458",1.52860101722269,-0.235131542597698,2.7579772657556,1.16718496230633,1.80853750888806e-06,-6.16282475031993e-07,9.84585404509777e-06
"459",1.75861355684158,-0.207640586264134,2.93246867115404,0.672972027968476,1.59956881809547e-06,-5.94908214900764e-07,1.01108578819277e-05
"460",1.78600975614331,-0.265433044099326,3.00670955573218,0.535582931929758,1.52637499066154e-06,-8.72785253941385e-07,1.06873339991536e-05
"461",1.72868068922452,-0.194916156989916,2.85520975289487,0.710957689705141,1.58322250743178e-06,-7.32080277037977e-07,1.04043981621156e-05
"462",1.69725500352692,-0.294447911059867,2.86702764286705,0.668477745210012,1.47777043380392e-06,-1.27479766700511e-06,1.17820389717681e-05
"463",1.71079584946846,0.206333328866276,2.71469197008435,1.33740114024908,1.4059356433892e-06,-3.89944107359052e-07,9.94079764242774e-06
"464",1.6868602156582,0.252702446932911,3.00937342629907,0.841645816692546,1.16119990842444e-06,-8.72886279216126e-07,1.1025844810591e-05
"465",1.64239557114351,-0.148399555020128,3.02535249620471,0.506379289438919,1.36454527603449e-06,-6.93254000943603e-07,1.10612295093245e-05
"466",1.70487360435616,0.301381885998041,2.91261864817702,0.985671451019634,1.47492811098514e-06,-1.1435126439945e-06,1.16391363058454e-05
"467",1.6403079107465,-0.278712147113571,3.02229294460785,1.03452340225927,1.77156543415892e-06,-5.0334646264234e-07,9.89248580099919e-06
"468",1.69725500352692,-0.294447911059867,2.86702764286705,0.668477745210012,1.47777043380392e-06,-1.27479766700511e-06,1.17820389717681e-05
"469",1.78423178652488,-0.0785928039786385,2.98421875686772,0.844018814597424,1.87089361808145e-06,-1.26097496352164e-07,8.76268391038797e-06
"470",1.77841642461593,-0.399491874010437,3.05670673889623,0.887649910331156,1.57093893845713e-06,-5.3238099238768e-07,1.00491835797439e-05
"471",1.73955199055154,0.291662245343028,2.78547977153282,0.705639242421743,1.15083681865238e-06,-9.45905347593345e-07,1.11214964309774e-05
"472",1.75861355684158,-0.207640586264134,2.93246867115404,0.672972027968476,1.59956881809547e-06,-5.94908214900764e-07,1.01108578819277e-05
"473",1.67191509415583,-0.0401945607932421,2.87926302500931,0.570452048408669,1.47718709391223e-06,-7.9788403462043e-07,1.03363970409415e-05
"474",1.65892712653276,-0.0922892642617867,2.92444377106339,0.523014663316584,1.56917511770436e-06,-5.92288767757012e-07,1.03957831950628e-05
"475",1.79988153521038,-0.371305234860002,3.03401283831634,0.904245315224208,1.42996573142169e-06,-1.72688246151852e-07,9.51079670986697e-06
"476",1.58356666672524,0.512841971546487,2.95449159890317,0.953301462316085,1.83753315266466e-06,-8.61452752945015e-07,1.02856240421155e-05
"477",1.54722376082071,0.0692981983823356,2.90509693667123,0.531612004922266,1.38729960808747e-06,-1.11083638997369e-06,1.14187644785883e-05
"478",1.5202895780354,-0.383890336707505,3.00522025134147,0.940669078709572,1.70931290737706e-06,-5.85567758079632e-07,1.00572903729392e-05
"479",1.53321728196274,-0.012441665995145,2.97102133636389,0.724814630908117,1.51747925742227e-06,-7.89618230894165e-07,1.05214661595028e-05
"480",1.6932749739049,-0.129285357517293,2.9772366090585,0.97080081124394,1.76569926675277e-06,-7.31601793030249e-07,9.87815310131554e-06
"481",1.78608851057131,-0.348461115942618,2.93126442347602,1.03881820135024,1.74940880213725e-06,-5.73258351983947e-07,1.02070100135676e-05
"482",1.68295771782374,0.0698244375015455,2.91928318238131,0.614872497682346,1.78008524270177e-06,-5.67750841900181e-07,9.53126583872064e-06
"483",1.63307802509194,0.272514983826089,2.87546924776756,0.974134220172453,1.78769863515971e-06,-6.7682058769512e-07,1.00574159091338e-05
"484",1.79671344322505,-0.0494298020299864,2.85621505024753,0.35484788823583,1.49120453739093e-06,-1.07005293597684e-06,1.12439720839417e-05
"485",1.88798265394299,-0.0295188522499414,3.0698762230764,0.507537627026623,1.36918726493543e-06,-6.32475036778875e-07,1.07102149531706e-05
"486",1.79671344322505,-0.0494298020299864,2.85621505024753,0.35484788823583,1.49120453739093e-06,-1.07005293597684e-06,1.12439720839417e-05
"487",1.6729614877746,-0.120571563063687,3.09977603320596,0.448733239243636,1.87469830536338e-06,-4.70218719702753e-07,9.67771748336816e-06
"488",1.85312107427875,-0.295645588222455,2.94202959062905,0.827062380010913,1.63715423728635e-06,-1.14742453420898e-06,1.09735507941301e-05
"489",1.80756278550271,-0.430223716927498,2.96267105058686,0.54050290990389,1.47145588032961e-06,-6.62371221109995e-07,1.06000358163741e-05
"490",1.64239557114351,-0.148399555020128,3.02535249620471,0.506379289438919,1.36454527603449e-06,-6.93254000943603e-07,1.10612295093245e-05
"491",1.6729614877746,-0.120571563063687,3.09977603320596,0.448733239243636,1.87469830536338e-06,-4.70218719702753e-07,9.67771748336816e-06
"492",1.63541861459137,-0.101297787368983,2.87100505787347,0.676377095893567,1.60684826413287e-06,-8.713433810776e-07,1.02222395797883e-05
"493",1.4870612533171,0.67777496944622,2.71969874064026,0.824443134065934,1.71022878480211e-06,-8.61219708221926e-07,1.00924142003796e-05
"494",1.67249899468949,0.000896451311355406,2.86269354868596,0.330029035196047,1.4784884376805e-06,-1.0771685599077e-06,1.07249002645067e-05
"495",1.79988153521038,-0.371305234860002,3.03401283831634,0.904245315224208,1.42996573142169e-06,-1.72688246151852e-07,9.51079670986697e-06
"496",1.82525224104892,-0.116177586448743,2.86073008010006,0.980029635632769,1.44517317276053e-06,-6.63576651269691e-07,1.03347175274244e-05
"497",1.771287562617,-0.22453051420852,3.01078512328369,0.350163695972566,1.5326756243381e-06,-1.17961643527944e-06,1.12211659031598e-05
"498",1.77841642461593,-0.399491874010437,3.05670673889623,0.887649910331156,1.57093893845713e-06,-5.3238099238768e-07,1.00491835797439e-05
"499",1.69288748005204,-0.141064947082206,2.77934552596773,0.667661390922637,1.43461542395506e-06,-9.39485730827755e-07,1.07839201716527e-05
"500",1.64312728751844,-0.100885952583659,3.01753218905902,0.480057700796141,1.70688365495118e-06,-6.64519542184167e-07,9.77703781023551e-06
"501",1.73404724796413,0.0652970985261612,2.94892829520177,0.728246682130711,1.79734313115507e-06,-1.28689368077081e-06,1.10872255013202e-05
"502",1.53321728196274,-0.012441665995145,2.97102133636389,0.724814630908117,1.51747925742227e-06,-7.89618230894165e-07,1.05214661595028e-05
"503",1.60113925924639,0.23922429894726,3.10564156638864,0.364165432677269,1.6044788183944e-06,-1.01159454052298e-06,1.06919244532859e-05
"504",1.85312107427875,-0.295645588222455,2.94202959062905,0.827062380010913,1.63715423728635e-06,-1.14742453420898e-06,1.09735507941301e-05
"505",1.6932749739049,-0.129285357517293,2.9772366090585,0.97080081124394,1.76569926675277e-06,-7.31601793030249e-07,9.87815310131554e-06
"506",1.59707856396383,0.610803628558281,2.92835595028652,0.77132757813517,1.48122264474141e-06,-1.31412890054549e-06,1.14341354848321e-05
"507",1.61028772108395,-0.0501071367256488,2.92953921338244,0.872144412440362,1.88217731924896e-06,-8.308459762686e-07,1.0357158642615e-05
"508",1.54722376082071,0.0692981983823356,2.90509693667123,0.531612004922266,1.38729960808747e-06,-1.11083638997369e-06,1.14187644785883e-05
"509",1.88139230190846,-0.494459598445657,2.98139676797828,0.662402036537764,2.26375250836772e-06,-9.35441901284752e-07,9.99398659541002e-06
"510",1.63615217720801,-0.268001149789557,2.81115650824859,0.88163260711523,1.92293065350241e-06,-1.1146455475826e-06,1.04568399221182e-05
"511",1.57671969631915,0.287366012450002,2.8982235628266,0.721919326474923,1.76540248258146e-06,-9.49799841616514e-07,1.02928462472594e-05
"512",1.60113925924639,0.23922429894726,3.10564156638864,0.364165432677269,1.6044788183944e-06,-1.01159454052298e-06,1.06919244532859e-05
"513",1.87261591049612,-0.452490334939953,3.18014657405775,0.914331730774958,1.58527566930779e-06,-1.09661131910449e-06,1.09653724831822e-05
"514",1.63615217720801,-0.268001149789557,2.81115650824859,0.88163260711523,1.92293065350241e-06,-1.1146455475826e-06,1.04568399221182e-05
"515",1.75962099438881,0.0373128996410385,2.98445466208858,0.761616854180739,1.76173900915636e-06,-9.34131484011572e-07,1.02607961384967e-05
"516",1.75612611099438,0.189709051309813,2.92802628064214,1.28058356144185,1.72857195677251e-06,-8.76694521329368e-07,1.02134324078954e-05
"517",1.69113207676352,0.238480693741732,2.86840688126527,0.660963977710161,1.39552578701171e-06,-5.0188149373369e-07,1.01647154077293e-05
"518",1.72770571966874,0.0451703989104805,3.01386818200643,0.992613643333208,1.62024464003419e-06,-2.31383931955913e-07,9.27172130974048e-06
"519",1.67795629339393,-0.0046828578372709,3.03941445134057,1.23829813255435,1.16906222642217e-06,-4.57486969355518e-07,1.04051736216989e-05
"520",1.85312107427875,-0.295645588222455,2.94202959062905,0.827062380010913,1.63715423728635e-06,-1.14742453420898e-06,1.09735507941301e-05
"521",1.78435608485922,-0.242841209461551,2.95779140149875,0.679818915575107,1.56051690469897e-06,-5.9030783289091e-07,9.6516992660499e-06
"522",1.63820497781264,0.0814420040099507,2.93698535073423,0.888129686795006,1.6705925021196e-06,-5.09337275437506e-07,9.47870951583453e-06
"523",1.6403079107465,-0.278712147113571,3.02229294460785,1.03452340225927,1.77156543415892e-06,-5.0334646264234e-07,9.89248580099919e-06
"524",1.72881037693201,0.0155784237407356,2.9290364994693,0.70937189594284,1.60768343557089e-06,-6.46998784109541e-07,9.7466655364696e-06
"525",1.53321728196274,-0.012441665995145,2.97102133636389,0.724814630908117,1.51747925742227e-06,-7.89618230894165e-07,1.05214661595028e-05
"526",1.75962099438881,0.0373128996410385,2.98445466208858,0.761616854180739,1.76173900915636e-06,-9.34131484011572e-07,1.02607961384967e-05
"527",1.60113925924639,0.23922429894726,3.10564156638864,0.364165432677269,1.6044788183944e-06,-1.01159454052298e-06,1.06919244532859e-05
"528",1.80756278550271,-0.430223716927498,2.96267105058686,0.54050290990389,1.47145588032961e-06,-6.62371221109995e-07,1.06000358163741e-05
"529",1.4546403878296,0.355928237357054,2.93256175623538,0.499639792439379,1.64480234751656e-06,-5.28768450511069e-07,9.7502578083205e-06
"530",1.5202895780354,-0.383890336707505,3.00522025134147,0.940669078709572,1.70931290737706e-06,-5.85567758079632e-07,1.00572903729392e-05
"531",1.73955199055154,0.291662245343028,2.78547977153282,0.705639242421743,1.15083681865238e-06,-9.45905347593345e-07,1.11214964309774e-05
"532",1.63390566843612,0.117896286976729,3.04451176289097,0.410854119454241,1.63415850922539e-06,-5.35109584174262e-07,9.89580947916603e-06
"533",1.7695317924012,-0.277755006922158,2.87302191767204,0.66772867281297,1.49797806494817e-06,-6.83344885565972e-07,1.03731231081953e-05
"534",1.72868068922452,-0.194916156989916,2.85520975289487,0.710957689705141,1.58322250743178e-06,-7.32080277037977e-07,1.04043981621156e-05
"535",1.53321728196274,-0.012441665995145,2.97102133636389,0.724814630908117,1.51747925742227e-06,-7.89618230894165e-07,1.05214661595028e-05
"536",1.6403079107465,-0.278712147113571,3.02229294460785,1.03452340225927,1.77156543415892e-06,-5.0334646264234e-07,9.89248580099919e-06
"537",1.83287356229007,-0.242541860644823,2.90206592454195,0.589048908278481,1.62098887933188e-06,-1.29943562560738e-06,1.13037998744575e-05
"538",1.70980584702023,-0.324883575740345,2.82727214885943,1.14236249810502,1.69752501708731e-06,-7.54767502063281e-07,1.00861560830166e-05
"539",1.53321728196274,-0.012441665995145,2.97102133636389,0.724814630908117,1.51747925742227e-06,-7.89618230894165e-07,1.05214661595028e-05
"540",1.63541861459137,-0.101297787368983,2.87100505787347,0.676377095893567,1.60684826413287e-06,-8.713433810776e-07,1.02222395797883e-05
"541",1.53321728196274,-0.012441665995145,2.97102133636389,0.724814630908117,1.51747925742227e-06,-7.89618230894165e-07,1.05214661595028e-05
"542",1.38977909116733,0.321888578074388,3.12753872188037,0.667176363297862,1.85169094072597e-06,-3.7805755996769e-07,9.65280345188751e-06
"543",1.5202895780354,-0.383890336707505,3.00522025134147,0.940669078709572,1.70931290737706e-06,-5.85567758079632e-07,1.00572903729392e-05
"544",1.63820497781264,0.0814420040099507,2.93698535073423,0.888129686795006,1.6705925021196e-06,-5.09337275437506e-07,9.47870951583453e-06
"545",1.64312728751844,-0.100885952583659,3.01753218905902,0.480057700796141,1.70688365495118e-06,-6.64519542184167e-07,9.77703781023551e-06
"546",1.64005189116176,0.0821789016553078,2.90843067157559,1.23682713606835,1.85758887203789e-06,-2.45066671843291e-07,9.45723042969619e-06
"547",1.8472439593651,-0.00630488431678261,3.02306364643319,1.24968511961674,1.37368543933203e-06,-7.92812748166855e-07,1.09799170543638e-05
"548",1.62835429327243,0.045984534560308,2.8695571124486,0.853568065626212,1.34269084265412e-06,-7.03181591106032e-07,1.03789311014339e-05
"549",1.71899038689316,-0.163950480807967,2.88149749454353,1.03753813571682,2.01424330326084e-06,-6.25682307701825e-07,9.30952640522592e-06
"550",1.53321728196274,-0.012441665995145,2.97102133636389,0.724814630908117,1.51747925742227e-06,-7.89618230894165e-07,1.05214661595028e-05
"551",1.82525224104892,-0.116177586448743,2.86073008010006,0.980029635632769,1.44517317276053e-06,-6.63576651269691e-07,1.03347175274244e-05
"552",1.87454566004006,-0.311178038463286,2.78746760981678,0.566245901712754,1.48868153641807e-06,-6.81874446011805e-07,1.02579225949787e-05
"553",1.4546403878296,0.355928237357054,2.93256175623538,0.499639792439379,1.64480234751656e-06,-5.28768450511069e-07,9.7502578083205e-06
"554",1.60113925924639,0.23922429894726,3.10564156638864,0.364165432677269,1.6044788183944e-06,-1.01159454052298e-06,1.06919244532859e-05
"555",1.82261432529147,-0.208227753226767,2.90349105755635,0.870902295715795,1.34549819651904e-06,-5.59964527241262e-07,1.05058622069182e-05
"556",1.78435608485922,-0.242841209461551,2.95779140149875,0.679818915575107,1.56051690469897e-06,-5.9030783289091e-07,9.6516992660499e-06
"557",1.71188409583982,0.210605272160821,2.89379245335871,0.687324331104343,1.58352871620952e-06,-5.9179902290602e-07,9.6979918886898e-06
"558",1.52860101722269,-0.235131542597698,2.7579772657556,1.16718496230633,1.80853750888806e-06,-6.16282475031993e-07,9.84585404509777e-06
"559",1.6868602156582,0.252702446932911,3.00937342629907,0.841645816692546,1.16119990842444e-06,-8.72886279216126e-07,1.1025844810591e-05
"560",1.70175508839757,0.0200199439216521,2.93494805413911,0.905508959318092,1.60574057162556e-06,-9.24756107231025e-07,1.06609442538581e-05
"561",1.72795785090009,-0.0968265872968132,2.90304116429375,0.515322289050797,1.72629270290625e-06,-9.15840784232925e-07,1.08032515342125e-05
"562",1.75861355684158,-0.207640586264134,2.93246867115404,0.672972027968476,1.59956881809547e-06,-5.94908214900764e-07,1.01108578819277e-05
"563",1.81118441075765,-0.159738370629558,3.01920030170526,0.719039972399088,1.37428605635279e-06,-5.21516123718642e-07,9.910021618681e-06
"564",1.61028772108395,-0.0501071367256488,2.92953921338244,0.872144412440362,1.88217731924896e-06,-8.308459762686e-07,1.0357158642615e-05
"565",1.71899038689316,-0.163950480807967,2.88149749454353,1.03753813571682,2.01424330326084e-06,-6.25682307701825e-07,9.30952640522592e-06
"566",1.71188409583982,0.210605272160821,2.89379245335871,0.687324331104343,1.58352871620952e-06,-5.9179902290602e-07,9.6979918886898e-06
"567",1.61028772108395,-0.0501071367256488,2.92953921338244,0.872144412440362,1.88217731924896e-06,-8.308459762686e-07,1.0357158642615e-05
"568",1.52038596291344,0.332476708467111,3.07348443788111,0.391397739432635,1.18688686418214e-06,-8.5007460227804e-07,1.11077680673369e-05
"569",1.85600201506535,-0.104732347750404,2.98442629118051,0.572475684669535,1.60629341990945e-06,-5.12277126436512e-07,9.95080859467395e-06
"570",1.63615217720801,-0.268001149789557,2.81115650824859,0.88163260711523,1.92293065350241e-06,-1.1146455475826e-06,1.04568399221182e-05
"571",1.72788080202186,0.014854371373727,3.06379772600194,1.19282859917644,1.38439732119301e-06,-2.52784030298056e-07,1.00810147128428e-05
"572",1.53321728196274,-0.012441665995145,2.97102133636389,0.724814630908117,1.51747925742227e-06,-7.89618230894165e-07,1.05214661595028e-05
"573",1.65805487390521,0.115341965406646,2.95241479507103,1.23605650558585,1.28238588450427e-06,-4.61759083181882e-07,9.92964028939721e-06
"574",1.8418333309698,-0.494806029978428,3.02441891322462,0.806788479274501,1.63953626104158e-06,-8.86283454678127e-07,1.07572194359625e-05
"575",1.70175508839757,0.0200199439216521,2.93494805413911,0.905508959318092,1.60574057162556e-06,-9.24756107231025e-07,1.06609442538581e-05
"576",1.66276363369929,-0.0376104800043796,2.82091041929587,0.352735839813001,1.72459081334234e-06,-5.38741090462231e-07,1.00924695839699e-05
"577",1.72868068922452,-0.194916156989916,2.85520975289487,0.710957689705141,1.58322250743178e-06,-7.32080277037977e-07,1.04043981621156e-05
"578",1.87454566004006,-0.311178038463286,2.78746760981678,0.566245901712754,1.48868153641807e-06,-6.81874446011805e-07,1.02579225949787e-05
"579",1.53321728196274,-0.012441665995145,2.97102133636389,0.724814630908117,1.51747925742227e-06,-7.89618230894165e-07,1.05214661595028e-05
"580",1.77871773915027,-0.129702352865474,3.11188183059016,0.763443839179058,1.58413447662197e-06,-8.56371392460339e-07,1.07660607944506e-05
"581",1.54722376082071,0.0692981983823356,2.90509693667123,0.531612004922266,1.38729960808747e-06,-1.11083638997369e-06,1.14187644785883e-05
"582",1.66276363369929,-0.0376104800043796,2.82091041929587,0.352735839813001,1.72459081334234e-06,-5.38741090462231e-07,1.00924695839699e-05
"583",1.66276363369929,-0.0376104800043796,2.82091041929587,0.352735839813001,1.72459081334234e-06,-5.38741090462231e-07,1.00924695839699e-05
"584",1.72868068922452,-0.194916156989916,2.85520975289487,0.710957689705141,1.58322250743178e-06,-7.32080277037977e-07,1.04043981621156e-05
"585",1.77937849994429,0.0402334582694466,2.72637927761072,0.73344145030223,1.78396459319953e-06,-7.21647415315217e-07,9.74527016664084e-06
"586",1.64239557114351,-0.148399555020128,3.02535249620471,0.506379289438919,1.36454527603449e-06,-6.93254000943603e-07,1.10612295093245e-05
"587",1.52038596291344,0.332476708467111,3.07348443788111,0.391397739432635,1.18688686418214e-06,-8.5007460227804e-07,1.11077680673369e-05
"588",1.53321728196274,-0.012441665995145,2.97102133636389,0.724814630908117,1.51747925742227e-06,-7.89618230894165e-07,1.05214661595028e-05
"589",1.52860101722269,-0.235131542597698,2.7579772657556,1.16718496230633,1.80853750888806e-06,-6.16282475031993e-07,9.84585404509777e-06
"590",1.75270946485632,-0.316270271091297,2.99614244566792,0.720147055995382,1.64413980140816e-06,-3.18547257364121e-07,9.87372526600303e-06
"591",1.8418333309698,-0.494806029978428,3.02441891322462,0.806788479274501,1.63953626104158e-06,-8.86283454678127e-07,1.07572194359625e-05
"592",1.94893187983581,-0.369264549439962,3.08116750337515,0.863775312013518,1.34018662088105e-06,-6.81522593231043e-07,1.04523074992217e-05
"593",1.53321728196274,-0.012441665995145,2.97102133636389,0.724814630908117,1.51747925742227e-06,-7.89618230894165e-07,1.05214661595028e-05
"594",1.77144120082402,-0.16908310903787,2.94844921279798,1.00102130839092,1.55226587833625e-06,-7.2825102503399e-07,1.01226823876744e-05
"595",1.62668760763298,0.109164919790117,2.86776942767997,0.78024685408755,1.54715468596718e-06,-1.20054176456478e-06,1.10696570070832e-05
"596",1.70175508839757,0.0200199439216521,2.93494805413911,0.905508959318092,1.60574057162556e-06,-9.24756107231025e-07,1.06609442538581e-05
"597",1.70175508839757,0.0200199439216521,2.93494805413911,0.905508959318092,1.60574057162556e-06,-9.24756107231025e-07,1.06609442538581e-05
"598",1.66175211039963,-0.0923696390598753,3.09889445468618,0.81867190335787,1.36499243121091e-06,-1.13283844737107e-06,1.14954104121787e-05
"599",1.77937849994429,0.0402334582694466,2.72637927761072,0.73344145030223,1.78396459319953e-06,-7.21647415315217e-07,9.74527016664084e-06
"600",1.78351510836445,-0.400778717243745,2.8778917998277,0.884120421610505,1.48267475834702e-06,-8.8764054783186e-07,1.05915130296087e-05
