"t.depth","t.mm"
14.632,1.7125
14.635,1.4678
15.601,6.3496
18.02,1.8703
19.155,1.3359
19.455,1.4962
19.774,1.337
20.918,1.4974
20.969,1.8718
21.025,1.7104
21.163,1.9548
24.603,1.0672
32.913,2.9237
32.989,1.329
33.308,1.5947
33.333,1.329
33.459,1.8605
33.476,2.1263
33.732,2.3921
33.754,4.0932
33.833,1.1163
33.853,2.6048
33.95,1.4884
33.95,0.74422
33.956,0.74422
33.965,1.1163
33.969,1.1163
34.012,1.8025
34.034,2.06
34.047,1.8025
34.253,1.03
34.272,0.51499
34.341,0.77249
34.358,2.8325
34.392,2.3175
34.415,1.2875
34.531,2.06
34.546,1.2875
34.555,1.8025
34.723,2.06
34.727,1.545
34.867,1.2875
34.885,1.545
34.912,1.2875
34.918,1.2875
34.932,1.545
35.414,1.8025
35.518,1.7923
35.765,2.5604
35.866,1.2802
36.044,3.3285
36.353,1.5362
36.477,1.5362
36.831,1.0754
37.167,2.5699
38.26,4.3174
38.328,2.1587
38.556,1.0737
38.809,1.3422
38.951,1.0737
38.979,0.53686
39.469,0.80529
41.081,1.2911
41.147,1.2911
41.155,1.8075
41.228,1.5493
41.552,1.7997
41.638,3.3423
41.728,1.7997
41.92,4.3706
42.048,2.0568
42.118,1.7997
42.127,2.0568
42.134,1.2855
42.339,0.85236
42.346,1.4206
42.391,3.1253
42.413,0.85236
42.456,2.273
42.174,1.0616
42.229,2.9194
42.239,2.9194
42.246,4.2464
42.257,2.1232
42.277,2.654
42.35,1.8578
42.371,1.5924
42.38,0.7962
42.387,0.7962
42.397,1.5924
42.407,1.8578
42.43,4.2464
42.443,3.1848
42.454,2.654
42.462,2.9194
42.508,2.1232
42.542,2.3886
42.554,2.1232
42.563,2.9194
42.592,2.3886
42.64,4.7772
42.671,3.4502
42.689,2.1232
42.695,0.7962
42.751,1.5924
42.79,2.654
42.826,2.9194
42.871,1.327
42.875,1.5924
42.89,1.8578
42.895,2.1232
42.896,0.7962
42.925,1.8578
42.944,3.4502
42.975,2.9194
42.986,3.1848
42.998,1.0616
43.009,1.0616
43.014,1.327
43.02,1.8578
43.043,2.1232
43.051,3.1848
43.061,1.327
43.083,1.327
43.09,0.7962
43.1,1.0616
43.107,1.327
43.113,2.3886
43.118,1.5924
43.132,0.7962
43.141,0.7962
43.155,4.5118
43.161,2.654
43.173,3.1848
43.183,1.327
43.189,0.7962
43.194,1.0616
43.201,4.7772
43.204,1.5924
43.225,2.9194
43.24,1.327
43.259,4.0872
43.269,3.7156
43.272,2.2294
43.285,1.1147
43.301,1.8578
43.323,1.4862
43.327,1.8578
43.334,4.8303
43.341,0.74312
43.35,2.2294
43.376,2.6009
43.417,2.2294
43.423,2.6009
43.454,1.8578
43.463,2.9725
43.488,9.2891
43.492,1.8578
43.538,2.6555
43.548,3.9832
43.597,2.3899
43.609,2.1244
43.617,1.8588
43.631,1.8588
43.638,1.5933
43.653,2.3899
43.674,3.1865
43.679,1.3277
43.698,2.6555
43.702,2.921
43.716,1.8588
43.722,1.0622
43.734,3.1865
43.745,2.1244
43.752,1.5933
43.785,3.4521
43.801,1.5933
43.816,1.8588
43.822,2.6555
43.831,2.3899
43.835,1.3277
43.846,2.6555
43.867,11.95
43.87,3.9832
43.88,5.3109
43.909,9.8252
45.666,2.1255
45.821,2.3912
45.855,0.79707
45.865,1.3285
45.877,0.79707
45.894,1.5941
46.628,1.3246
47.645,1.0596
47.808,4.8214
48.336,1.8944
48.537,0.27062
48.621,2.165
48.642,1.8944
49.652,2.9657
49.946,0.53923
50.923,2.6525
51.295,2.122
51.524,1.6258
51.594,0.81292
51.72,2.4388
52.468,1.8968
53.516,2.127
55.911,2.9194
56.424,1.5924
56.62,1.5924
56.756,4.2464
60.392,0.79623
60.425,1.0616
60.532,1.5925
60.588,2.1233
60.593,1.0616
60.596,1.8579
60.603,1.327
60.982,1.0616
60.987,2.1233
64.678,1.7137
64.689,1.4689
64.698,0.97927
64.735,1.7137
64.737,1.7137
64.772,1.9585
64.775,1.2241
64.88,2.9378
64.883,2.2034
64.911,2.4482
64.92,3.6723
64.941,1.7137
64.946,2.693
64.949,1.9585
64.955,1.2241
64.962,3.4274
64.964,2.2034
64.968,1.4689
64.972,2.2034
64.975,1.9585
64.986,3.1826
64.989,1.9585
64.994,1.4689
65.01,3.9171
65.018,1.7137
65.028,3.1826
65.05,2.4482
65.058,2.693
65.152,3.1826
65.156,2.693
65.162,3.4274
65.19,1.7137
65.255,6.5121
70.994,2.6477
71.083,1.5886
71.135,1.3238
71.349,1.8534
71.393,1.8534
72.139,2.1153
74.06,0.5308
74.076,1.5924
74.667,0.5308
75.374,0.79093
76.86,2.9827
77.148,0.81348
77.19,0.54232
77.278,0.81348
77.436,2.1693
77.481,0.54232
77.487,0.54232
77.673,2.7116
77.728,0.81348
77.761,3.2539
77.789,1.5185
78.303,1.3143
78.381,4.4687
78.596,0.78859
78.618,2.8915
78.681,1.5772
78.8,4.4687
78.816,3.4172
78.832,1.84
78.937,2.8915
78.97,2.3658
78.98,0.78859
78.984,1.0515
78.989,0.78859
79.002,1.84
79.007,2.8915
79.017,4.4687
79.076,1.3143
79.09,1.5772
79.158,0.78859
79.166,0.78859
79.32,1.0673
80.293,1.9313
80.042,2.4404
80.059,1.0846
80.113,0.54232
80.124,0.81348
80.13,1.627
80.144,0.54232
80.167,1.3558
80.172,0.27116
80.178,1.0846
80.18,0.54232
80.452,0.54232
81.296,1.1389
81.319,0.75924
81.338,0.75924
81.396,1.5185
81.42,1.1389
81.608,0.24512
81.777,0.73536
81.786,0.98048
81.797,0.98048
81.802,1.4707
81.803,0.98048
81.81,0.73536
81.814,0.49024
81.827,0.73536
81.838,1.7158
81.852,0.49024
81.862,0.73536
81.935,0.49024
81.966,0.98048
82.02,0.98048
82.061,0.49024
82.095,0.49024
82.107,0.73536
82.13,0.73536
82.2,0.98048
82.204,0.98048
82.223,1.4707
82.224,1.4707
82.26,0.98048
82.261,0.49024
82.584,0.98048
82.613,1.2256
82.895,1.0295
83.119,1.5849
83.193,1.0566
83.225,1.3207
83.253,1.3207
83.285,1.0566
83.331,1.5849
83.423,1.0566
83.491,1.5849
84.592,1.5924
84.956,0.7962
85.051,1.0616
85.063,1.327
85.226,1.327
85.632,0.5308
85.644,1.327
85.74,0.7962
85.758,1.0616
85.784,1.0616
85.815,1.1147
85.851,0.74312
85.875,0.74312
85.893,0.74312
85.928,1.1147
86.173,1.0616
86.177,1.5924
86.187,0.5308
86.212,3.981
86.214,1.0616
86.222,3.981
86.228,0.7962
86.243,1.327
86.238,0.7962
86.253,6.635
86.259,2.1232
86.271,2.654
86.306,1.5924
86.332,3.4502
86.336,1.327
86.337,1.5924
86.355,2.654
86.369,1.8578
86.39,1.327
86.389,0.5308
86.393,1.5924
86.415,1.8578
86.433,1.8578
86.444,1.0616
86.455,1.0616
86.466,0.7962
86.473,1.0616
86.499,1.327
86.523,1.0616
86.525,0.7962
86.537,4.7772
86.544,1.5924
86.559,2.9194
86.581,0.5308
86.588,4.2464
86.593,1.0616
86.598,1.327
86.603,2.654
86.608,2.3886
86.612,2.1232
86.619,0.7962
87.938,0.80852
87.962,1.3475
87.999,1.078
88.323,4.0426
88.592,1.3475
88.61,1.078
88.624,1.3475
88.646,4.0426
88.673,1.078
88.68,1.078
88.683,0.53901
88.694,1.8865
88.709,1.078
88.721,2.4256
88.764,1.8865
88.773,1.8865
88.782,0.53901
88.792,1.8865
88.907,0.75462
89.082,2.3887
89.182,2.9195
89.199,2.3887
89.214,0.79624
89.327,2.3887
89.357,1.3271
89.381,1.0617
89.385,1.0617
89.397,1.8579
89.413,0.79624
89.418,0.79624
89.421,0.79624
89.447,4.512
89.452,1.0617
90.126,1.0644
90.161,0.26611
90.175,0.53222
90.184,0.26611
90.27,0.26611
90.282,0.53222
90.375,1.0644
90.406,0.26611
90.423,0.53222
90.439,2.395
90.452,1.8628
90.472,1.3305
90.478,1.3305
90.486,0.79832
90.511,2.395
91.474,1.6481
91.514,2.4722
92.394,0.38456
92.617,1.3803
92.622,1.1043
92.811,1.1043
92.847,0.55213
92.903,0.55213
92.918,0.55213
93.033,1.3803
93.037,0.8282
93.054,0.8282
93.06,0.27607
93.165,0.55213
93.218,0.8282
93.302,1.1043
93.46,0.55213
93.638,0.55213
93.68,0.55213
93.737,1.1043
93.768,0.8282
93.801,0.77298
93.935,0.77298
94.005,0.77298
94.012,0.77298
94.06,0.73457
94.079,0.97942
94.135,0.73457
94.142,0.73457
94.207,1.4691
94.22,5.142
94.319,0.73457
94.328,0.73457
94.34,3.1831
94.355,1.2243
94.365,0.73457
94.373,0.24486
94.379,0.48971
94.384,0.73457
94.395,0.73457
94.42,0.97942
94.424,0.73457
94.436,0.97942
94.452,0.73457
94.499,0.73457
94.513,0.73457
94.531,0.48971
94.546,0.24486
94.552,0.48971
94.57,0.24486
94.576,0.48971
94.643,0.24486
94.648,0.24486
94.67,0.48971
94.681,0.73457
94.734,0.97942
94.816,0.48971
94.867,0.48971
94.88,0.48971
94.888,0.48971
94.898,0.97942
94.906,0.48971
94.974,0.97942
94.988,0.97942
95.092,0.73457
95.14,0.97942
95.151,0.73457
95.191,0.73457
95.25,1.2243
95.253,0.48971
95.28,0.73457
95.313,0.6856
95.343,1.3712
95.39,1.0284
95.421,0.6856
95.447,1.0284
95.518,1.3712
95.526,1.0284
95.574,1.652
95.59,0.55068
95.597,0.55068
95.621,0.27534
95.665,0.82602
95.673,0.82602
95.78,0.27534
95.799,0.55068
95.804,1.9274
95.829,2.2027
95.847,0.55068
95.861,0.27534
95.866,0.55068
95.898,0.55068
95.902,0.55068
95.906,0.82602
95.933,1.3767
95.936,0.27534
95.949,0.55068
95.969,0.55068
95.98,0.82602
95.996,0.55068
96.023,1.1014
96.04,2.2027
96.06,0.82602
96.068,0.55068
96.079,0.27534
96.083,1.652
96.084,0.55068
96.097,1.652
96.11,1.1014
96.114,1.1014
96.136,2.2027
96.152,0.82602
96.159,1.3767
96.175,1.652
96.178,0.55068
96.199,0.55068
96.207,1.9274
96.238,0.55068
96.248,1.652
96.252,0.82602
96.255,0.55068
96.257,0.55068
96.28,0.82602
96.292,0.55068
96.309,0.82602
96.375,1.1014
96.379,1.652
96.388,0.55068
96.404,1.1014
96.413,0.82602
96.435,0.55068
96.446,0.27534
96.459,0.82602
96.48,5.5068
96.487,0.55068
96.493,0.55068
96.497,0.55068
96.502,0.27534
96.512,0.55068
96.518,0.55068
96.522,0.55068
96.529,0.82602
96.538,1.3767
96.56,1.1014
96.568,0.82602
96.571,0.82602
96.577,1.652
96.588,0.27534
96.589,0.27534
96.598,1.1014
96.603,2.2027
96.607,0.82602
96.613,0.27534
96.617,0.55068
96.622,0.1
96.625,0.1
96.643,0.82602
96.68,1.1014
96.696,0.55068
96.707,0.82602
96.71,0.27534
96.727,4.6808
96.748,6.6081
96.75,0.55068
96.765,0.55068
96.771,0.27534
96.784,0.55068
96.811,4.6257
96.82,1.1564
96.829,0.1
96.86,1.1564
96.864,0.38548
96.871,1.1564
96.896,3.0838
96.905,1.9274
96.93,1.1564
96.948,3.0838
96.961,0.77095
96.966,0.38548
96.986,7.7095
96.992,0.77095
97.028,2.3129
97.084,1.2364
97.088,2.2256
97.092,1.2364
97.095,2.4729
97.103,0.49458
97.107,0.74186
97.112,0.49458
97.117,0.74186
97.12,0.98915
97.127,1.2364
97.132,0.49458
97.138,2.2256
97.143,1.4837
97.15,3.2147
97.155,1.9783
97.161,2.2256
97.167,3.462
97.174,3.9566
97.176,0.98915
97.177,0.74186
97.181,0.49458
97.191,0.74186
97.195,0.24729
97.202,1.731
97.211,1.4837
97.214,0.49458
97.22,1.2364
97.228,1.2364
97.23,0.98915
97.233,0.24729
97.235,0.49458
97.246,0.74186
97.247,0.24729
97.259,0.98915
97.267,0.74186
97.283,3.462
97.288,1.4837
97.291,0.74186
97.297,1.2364
97.313,0.98915
97.315,0.49458
97.323,2.2256
97.347,1.731
97.35,0.49458
97.353,1.4837
97.362,4.9458
97.369,3.9566
97.382,0.24729
97.386,0.98915
97.402,0.49458
97.406,0.49458
97.412,2.4729
97.413,0.24729
97.416,0.49458
97.418,0.49458
97.421,0.98915
97.428,0.49458
97.431,1.9783
97.434,2.2256
97.436,0.98915
97.44,2.2256
97.444,1.4837
97.446,1.731
97.446,0.24729
97.452,2.4729
97.453,0.74186
97.477,1.2364
97.481,1.731
97.492,1.731
97.502,1.731
97.501,0.74186
97.508,0.49458
97.514,2.7202
97.519,2.4729
97.522,1.9783
97.527,1.731
97.532,1.4837
97.538,4.6985
97.544,0.98915
97.55,2.2256
97.557,1.2364
97.558,0.74186
97.573,0.74186
97.58,4.2039
97.582,0.74186
97.59,2.7202
97.605,6.9241
97.611,2.4729
97.618,1.9783
97.621,0.74186
97.639,1.2364
97.642,0.49458
97.644,0.49458
97.645,0.74186
97.699,0.49458
97.71,1.731
97.713,0.49458
97.727,0.74186
97.738,0.74186
97.745,0.49458
97.751,0.74186
97.761,1.4837
97.771,0.98915
97.775,0.74186
97.779,0.98915
97.791,1.2364
97.795,1.731
97.798,0.74186
97.802,0.24729
97.814,0.74186
97.818,0.24729
97.854,0.98915
97.859,0.74186
97.868,1.9783
97.881,2.2256
97.886,0.98915
97.905,4.4512
97.91,0.49458
97.919,1.731
97.923,0.49458
97.943,0.74186
97.959,1.9783
97.992,5.6876
97.993,3.2147
98.001,4.9458
98.006,0.49458
98.013,1.2364
98.028,1.731
98.034,0.74186
98.046,0.98915
98.063,2.4729
98.069,3.9566
98.078,1.4837
98.085,0.98915
98.11,1.2364
98.112,0.24729
98.117,0.98915
98.122,0.74186
98.141,0.74186
98.18,0.74186
98.209,1.731
98.209,0.74186
98.214,1.4837
98.23,0.74186
98.241,1.4837
98.254,0.24729
98.276,0.24729
98.288,0.49458
98.306,0.74186
98.381,0.69241
98.395,0.69241
98.409,0.69241
98.416,0.69241
98.437,0.69241
98.442,1.0386
98.462,0.3462
98.476,0.3462
98.494,0.69241
98.5,2.0772
98.524,1.3848
98.53,2.0772
98.599,1.9533
98.615,2.4195
98.626,1.613
98.636,1.0753
98.682,1.0753
99.258,0.53767
99.522,1.0245
99.528,0.76838
99.553,0.51225
99.033,0.80439
99.22,0.80439
99.31,0.53626
99.343,0.80439
99.413,1.0725
99.414,0.53626
99.417,1.0725
99.483,0.26813
99.505,0.80439
99.706,1.0725
99.714,1.6088
99.719,0.53626
99.734,0.53626
99.753,1.3406
99.771,0.26813
99.78,0.53626
99.782,0.53626
99.794,0.80439
99.805,0.80439
99.821,0.53626
99.886,1.8769
99.916,1.0725
100.01,0.80439
100.021,1.0725
100.051,1.6088
100.05,0.80439
100.071,1.0725
100.1,0.53626
100.11,0.53626
100.11,0.80439
100.14,0.53626
100.21,0.53626
100.241,1.0725
100.29,0.75076
100.391,1.1261
100.531,2.402
100.541,2.6689
102.951,1.5104
103.011,1.5104
103.21,0.70486
103.531,1.6751
103.551,1.3959
104.361,1.3959
104.391,1.1167
104.971,1.3421
105.11,0.53684
105.291,1.0737
105.711,1.6105
105.711,1.879
105.831,1.0737
106.852,4.0064
107.391,1.3355
107.611,2.2436
107.61,0.74787
107.621,1.1218
107.681,1.4957
107.691,1.1218
107.83,0.8024
107.84,0.8024
107.85,0.8024
107.861,1.6048
107.891,2.9421
107.911,1.3373
107.92,0.53493
107.941,1.0699
107.971,1.3373
108.002,4.2794
108.011,1.0699
108.021,1.3373
108.03,0.8024
108.041,2.1397
108.051,1.6048
108.051,1.3373
108.071,1.0699
108.081,2.4072
108.09,0.26747
108.131,2.6747
108.161,1.3373
108.16,0.8024
108.181,1.3373
108.191,1.3373
108.301,2.9421
108.31,0.8024
108.351,1.8723
108.371,1.6048
108.381,2.4072
108.391,1.8723
108.871,1.13
108.9,0.84749
109.17,0.56499
109.2,0.84749
109.28,0.2825
109.42,0.56499
109.43,0.56499
109.442,3.6724
109.442,4.2374
109.461,1.9775
109.461,1.695
109.651,1.4125
109.671,1.4125
109.74,0.56499
109.821,1.1865
109.821,1.9775
109.992,3.0865
109.991,2.8059
110.01,0.56117
110.11,0.56117
110.13,0.84176
110.171,2.5253
110.181,1.1223
110.19,0.84176
110.22,0.84176
110.241,2.5253
110.251,1.1223
110.27,0.84176
111.611,1.13
111.621,1.9775
111.631,1.13
111.662,3.3899
111.761,1.9775
111.801,1.9775
111.811,2.825
111.832,4.8024
111.891,1.13
111.911,1.13
111.991,1.13
112.011,1.9775
112.022,4.2374
112.021,2.26
112.061,2.26
112.091,1.9775
112.12,0.84749
112.201,1.4125
112.211,2.5425
112.231,1.13
112.231,1.4125
112.331,1.4125
112.35,0.84749
112.451,1.4125
112.45,0.84749
112.461,2.26
112.491,1.4125
112.563,6.2149
112.63,0.84749
112.651,1.9775
112.671,1.13
112.7,0.79099
112.72,0.79099
112.761,1.9775
112.791,1.9775
112.835,10.283
112.843,5.5369
113.001,1.4096
113.09,0.56384
113.101,1.1277
113.28,0.56384
113.31,0.56384
113.831,1.9734
113.861,1.1277
113.871,1.1277
113.88,0.84576
114.581,1.2884
114.911,1.0307
114.92,0.77302
115.522,4.1228
115.541,1.8037
115.561,2.8344
115.581,2.3191
115.601,1.8037
115.841,2.5252
115.891,2.5864
115.911,1.5518
115.961,1.2932
115.981,1.5518
116.021,1.2932
116.05,0.77591
116.081,2.0691
116.171,1.8104
116.301,1.0345
116.411,2.845
116.471,1.8104
116.561,2.3277
116.581,1.5518
116.591,1.5518
116.601,2.845
116.621,1.8104
116.701,2.0691
116.731,1.5518
116.811,1.2932
116.961,2.0691
117.112,3.2588
117.53,0.51924
118.281,1.5577
118.371,1.0175
118.381,1.5263
118.131,1.5488
118.161,2.3232
119.423,5.7822
120.131,1.1234
120.231,1.4043
120.281,1.966
120.292,3.3703
120.324,7.0215
120.331,1.966
120.341,1.966
120.39,0.84258
120.412,3.0894
120.421,1.1234
120.472,3.932
120.541,2.2469
120.743,6.7406
120.752,3.5388
120.762,3.1456
120.773,5.5048
120.792,4.3252
120.861,1.966
120.972,3.1456
121.02,0.84118
121.421,2.2431
122.671,2.5095
122.671,2.7884
122.711,1.3942
122.721,1.9519
122.72,0.83652
122.751,1.9519
122.791,2.7884
122.803,5.2979
122.812,4.1826
122.813,5.2979
122.821,1.673
122.821,1.3942
122.831,1.3942
122.841,1.3942
122.841,2.7884
122.862,3.3461
122.881,1.3942
122.891,1.9519
122.901,1.3942
122.911,1.3942
122.911,1.673
124.941,1.6771
125.141,1.9566
125.83,0.8289
126.071,1.1052
126.143,6.0786
126.881,2.7518
126.931,2.2014
127.031,1.3759
127.921,1.4183
127.951,1.4183
127.951,1.1346
128.192,3.4038
128.211,1.4183
128.421,1.7019
128.44,0.85096
128.452,4.2548
128.471,1.9856
128.511,2.2692
128.591,1.4183
128.6,0.85096
128.641,1.1346
128.65,0.56731
128.641,1.1346
128.691,1.4183
128.7,0.56731
128.65,0.56731
128.69,0.85096
128.691,1.4183
128.7,0.56731
128.72,0.56731
128.731,1.1346
128.741,1.7019
128.822,3.1769
128.841,2.7798
128.934,7.5452
129.021,1.2921
129.061,1.5505
129.08,0.51683
129.301,1.2921
129.361,1.5505
129.381,1.5505
129.761,1.2921
129.841,1.5505
129.921,1.8089
130.991,2.839
131.06,0.25809
131.191,1.0324
131.831,2.5293
132.13,0.55966
132.761,1.3992
132.811,1.1193
133.021,2.5185
133.031,1.3992
133.061,1.9588
133.071,1.1193
133.101,1.3992
133.122,3.358
133.152,3.6378
133.181,1.679
133.762,3.0715
133.772,3.3507
133.851,1.1169
133.961,1.3961
134.161,1.9546
134.291,1.6754
134.411,1.9546
133.471,1.6622
133.48,0.27704
133.611,1.1081
133.761,1.6622
133.771,2.2163
133.83,0.83111
133.85,0.83111
133.93,0.83111
133.961,1.3852
134.161,2.4933
134.291,1.6622
134.412,3.6015
134.42,0.55407
134.49,0.83111
134.52,0.83111
135.101,2.5242
135.163,5.3289
135.211,1.9633
135.291,1.9633
136.721,2.2241
137.29,0.83404
137.331,1.2222
137.381,1.2222
137.401,1.9555
137.461,1.4666
137.541,1.697
137.581,2.5455
137.591,1.697
137.6,0.56566
137.611,1.4141
137.242,4.2142
137.271,1.6857
137.292,3.0904
137.301,1.9666
137.302,3.0904
137.321,1.6857
137.321,2.2476
137.331,2.5285
137.341,1.6857
137.351,2.5285
137.371,1.4047
137.402,3.9332
137.412,4.4951
137.421,2.8095
137.441,2.8095
137.551,1.9666
137.591,1.6857
137.602,3.3713
137.601,1.4047
137.621,2.5285
137.631,2.5285
137.641,2.5285
137.653,5.057
137.671,1.9666
137.731,2.2476
137.771,1.9666
138.43,0.78665
139.191,1.6739
139.201,2.2318
139.211,1.3949
139.321,1.6739
139.351,1.6739
139.361,2.5108
139.884,8.5926
140.874,7.028
141.161,2.755
141.362,4.7228
141.591,1.9547
143.621,1.4005
143.631,1.6806
143.851,1.6806
143.891,1.4005
143.961,1.6806
144.151,2.7449
144.161,1.5685
144.181,1.9607
144.19,0.78426
144.24,0.39213
144.25,0.39213
144.281,1.1764
144.28,0.78426
144.33,0.83721
144.33,0.83721
144.39,0.83721
144.401,1.6744
144.481,2.7907
144.501,1.3953
144.501,1.3953
144.511,1.3953
144.521,1.9535
144.571,1.1163
144.651,1.9535
144.662,3.907
144.661,2.2326
144.701,1.9535
144.712,3.0698
144.731,1.3953
144.732,4.4651
144.741,1.9535
144.772,3.0698
144.791,2.2326
144.801,1.3953
144.811,1.1163
144.831,1.9535
144.911,1.3953
144.92,0.27907
144.952,3.907
144.961,1.1163
145.141,2.2326
145.241,1.6744
145.28,0.83721
145.301,2.2326
145.492,3.907
145.503,6.9767
145.561,2.7349
145.603,5.4698
145.921,1.1619
146.683,6.1501
147.891,1.9569
147.99,0.835
149.82,0.50382
149.86,0.50382
150.08,0.50382
150.681,1.4107
150.751,2.116
150.861,1.4107
151.461,1.4486
151.492,3.1869
151.961,2.6074
151.971,1.7383
152.441,1.1652
152.461,1.1652
152.53,0.87387
152.53,0.87387
152.74,0.58258
154.121,1.7726
154.24,0.75969
154.971,1.5194
155.091,1.5194
155.1,0.75969
155.11,0.75969
155.141,1.0636
155.171,1.4181
155.191,1.0636
155.21,0.70905
155.381,1.4344
156.161,1.4344
156.171,2.2951
156.411,1.2564
156.5,0.50257
157.48,0.79693
157.49,0.79693
157.49,0.53129
157.951,1.8595
157.952,3.1877
157.961,2.6564
157.962,4.2503
157.971,2.6564
157.971,2.3908
157.981,2.6564
157.993,5.0472
157.991,1.5939
158.09,0.26564
158.09,0.79693
158.101,2.1251
158.161,1.0626
158.201,1.0626
158.211,2.6564
158.231,1.8595
158.271,1.8595
158.351,1.0626
158.361,1.3282
158.391,2.6564
158.411,1.5939
158.502,3.9846
158.631,1.8595
158.641,1.3282
158.651,1.5939
158.661,2.3908
158.703,5.5785
158.701,1.8595
158.712,3.4534
159.011,1.5819
159.011,1.5819
159.021,2.6365
159.032,3.1638
159.042,3.9548
159.072,3.6911
159.082,4.2185
159.092,3.1638
159.162,3.4275
159.172,3.4275
159.181,2.1092
159.182,3.4275
159.192,4.2185
159.202,3.6911
159.212,4.7458
159.221,2.1092
159.251,1.5819
159.261,2.6365
159.281,1.5819
159.302,3.6911
159.311,2.3729
159.321,2.1092
159.321,2.3729
159.372,3.4275
159.401,2.3729
159.413,6.855
159.42,0.79096
159.431,1.8456
159.431,1.5819
159.442,3.6911
159.451,1.8456
159.461,2.3729
159.46,0.79096
159.461,1.0546
159.482,3.9548
159.501,1.0546
159.512,3.4275
159.521,2.1092
159.521,2.6365
159.541,2.1092
159.561,2.1092
159.561,2.9002
159.591,1.5819
159.591,2.9002
159.603,5.2731
159.602,3.9548
159.601,1.5819
159.612,3.1638
159.622,3.4275
159.631,1.0546
159.63,0.52731
159.642,3.1638
159.651,2.9002
159.671,2.6365
159.671,1.3183
159.721,1.0546
159.732,4.7458
159.731,1.0546
159.741,2.9002
159.741,1.3183
159.74,0.79096
159.753,5.0094
159.752,3.1638
159.771,1.8456
159.772,4.2185
159.782,4.4821
159.813,5.8004
159.822,4.2185
159.832,3.1638
159.832,4.2185
159.852,3.1638
159.862,4.2185
159.871,2.6365
159.883,6.064
159.881,1.8456
159.891,2.1092
159.931,1.8456
159.951,2.3729
159.961,1.0546
159.961,2.9002
159.972,3.1638
159.971,1.5819
159.982,3.1638
159.991,1.5819
160.011,1.0546
160.021,2.1092
160.031,1.0546
160.042,3.1638
160.052,4.4821
160.063,6.064
160.08,0.52731
160.081,1.8456
160.091,1.5819
160.103,5.5367
160.102,4.2185
160.101,1.8456
160.111,2.1092
160.111,2.3729
160.122,3.4275
160.131,1.3183
160.142,3.4275
160.151,2.3729
160.151,1.8456
160.161,1.5819
160.181,1.5819
160.231,1.5731
160.231,1.5731
160.241,1.5731
160.261,1.5731
160.282,3.4085
160.302,3.4085
160.351,2.3597
160.361,2.6219
160.361,1.311
160.401,1.8353
160.411,1.5731
160.431,1.8353
160.431,1.311
160.44,0.78657
160.451,1.311
160.511,1.311
160.741,1.8353
160.741,1.0488
161.161,2.0309
161.491,1.4507
161.701,1.1605
162.421,1.3249
162.44,0.79497
162.54,0.79497
162.601,1.8549
162.651,1.5899
162.661,1.5899
162.681,2.1199
162.73,0.79497
162.741,2.3849
162.751,1.5899
162.77,0.79497
162.85,0.52998
162.871,1.06
163.001,1.3249
163.011,1.3249
163.031,1.5899
163.041,1.06
163.05,0.26499
163.061,1.06
163.081,1.5899
163.101,1.06
163.101,1.06
163.111,1.06
163.121,1.5899
163.141,1.8549
163.151,1.3249
163.17,0.79497
163.19,0.79497
163.19,0.79497
163.191,1.3249
163.23,0.26499
163.26,0.79497
163.271,1.5899
163.29,0.79497
163.301,1.3249
163.32,0.79497
163.34,0.79497
163.371,1.5899
163.38,0.52998
163.401,1.8549
164.091,1.3098
164.471,1.5717
164.64,0.78587
165.351,1.579
165.621,2.1054
165.701,1.3159
166.221,1.579
166.241,2.6317
166.25,0.52634
166.251,1.0527
166.271,2.1054
166.311,1.579
166.33,0.78952
166.34,0.52634
166.351,1.579
166.371,1.0527
166.371,1.8422
166.381,1.8422
166.391,1.3159
166.391,1.0527
166.411,2.6317
166.422,3.4212
166.461,2.2106
166.481,2.2106
166.491,2.2106
166.503,5.8951
166.52,0.36844
166.541,1.8422
166.541,1.8422
166.551,2.5791
166.571,1.8422
166.581,1.1053
166.621,1.8422
166.631,2.2106
166.651,2.2106
166.661,2.5791
166.671,2.5791
166.681,2.5791
166.681,1.1053
166.701,1.7515
166.711,1.7515
166.741,1.7515
166.751,1.4596
166.781,2.9192
166.851,2.0434
166.91,0.87576
166.921,2.3354
166.971,1.1677
167.032,3.2111
167.041,2.0434
169.191,1.8194
169.75,0.9097
169.761,1.2129
169.812,3.942
169.971,1.2129
169.981,1.5162
169.991,1.5162
170,0.60647
171.001,1.2143
171.021,2.7321
171.851,1.2169
172.08,0.91271
172.29,0.91271
172.54,0.60847
173.351,1.2136
173.49,0.91022
173.84,0.91022
174.141,1.2136
174.151,1.2136
174.171,1.2136
175.681,1.5144
175.74,0.90863
175.811,1.2115
175.881,1.2115
175.9,0.60575
176,0.84805
176.211,1.1056
176.24,0.5528
176.25,0.8292
176.261,2.2112
176.271,2.2112
176.32,0.8292
176.331,2.2112
176.351,1.6584
176.371,1.1056
176.38,0.5528
176.41,0.8292
176.421,2.4876
177.131,1.6584
177.17,0.8292
177.2,0.5528
177.231,2.4876
177.251,1.1056
177.261,1.1056
177.281,1.1056
177.292,3.3168
177.311,2.764
177.33,0.8292
177.341,1.1056
177.362,4.146
177.36,0.8292
177.431,2.3218
177.851,1.0993
178.501,2.1985
178.502,3.8474
178.521,1.9237
178.901,2.6932
179.192,4.9535
179.302,4.4031
179.37,0.55039
179.39,0.82559
180.273,5.5039
180.281,1.1008
180.281,1.1008
180.331,1.5411
180.331,1.1558
180.351,1.1558
180.381,1.1558
180.441,1.9332
180.56,0.82852
180.58,0.82852
180.371,2.488
180.391,1.1058
180.411,1.1058
180.42,0.55288
180.46,0.55288
180.601,1.1058
180.94,0.82932
181.151,1.161
181.171,1.161
181.26,0.8288
181.29,0.55253
181.38,0.55253
181.571,1.3813
181.581,2.4864
182.681,2.3206
182.731,1.0579
182.84,0.79346
182.881,1.8514
183.01,0.79346
183.08,0.79346
183.101,1.3224
183.16,0.52897
183.17,0.52897
183.18,0.79346
183.341,1.3224
183.391,2.1159
184.241,2.3701
184.321,1.5801
185.25,0.79005
185.321,1.0534
185.331,1.3167
185.341,2.1068
185.361,1.8434
185.371,2.6335
185.391,1.3167
185.401,1.5801
185.431,1.4748
185.461,1.1061
185.671,1.0588
185.691,1.3235
185.741,1.0588
186.001,1.3235
186.031,1.0588
186.041,1.5882
186.051,1.0588
186.07,0.52941
186.081,1.5882
186.11,0.79412
186.111,1.8529
186.121,1.3235
186.13,0.79412
186.141,1.0588
186.15,0.79412
186.181,1.3235
186.191,1.3235
186.26,0.79412
186.291,1.5882
186.311,1.8529
186.34,0.79412
186.361,1.3235
186.381,1.3235
186.411,1.0588
186.441,1.0588
186.481,1.3235
186.5,0.52941
186.531,1.3235
186.57,0.79412
186.59,0.79412
186.601,1.0588
186.611,2.3823
186.621,1.0588
186.671,1.0588
186.701,1.8529
186.711,1.5882
186.721,1.0588
186.74,0.79412
186.761,1.5882
186.771,1.0588
186.781,2.1176
186.791,1.0588
186.831,1.5882
186.841,1.3235
186.85,0.79412
186.861,1.5882
186.901,2.3823
186.921,1.4824
186.931,1.1118
186.941,1.1118
186.951,1.1118
186.961,2.2235
187.01,0.74118
187.081,1.4824
187.181,1.1059
187.2,0.82944
187.261,1.1059
187.522,4.7002
187.79,0.82944
187.811,1.1059
187.83,0.82944
187.84,0.55296
187.851,1.3824
187.861,1.3824
187.891,2.4883
187.911,1.3824
188.041,1.1059
188.111,1.3824
188.131,1.1059
188.16,0.55296
188.22,0.27648
188.23,0.55296
188.242,3.0413
188.261,1.1059
188.281,1.1059
188.291,1.1059
188.311,1.1059
188.361,1.5483
188.642,4.4299
189.051,1.6612
189.071,1.6612
189.171,1.1075
189.211,2.7687
189.271,1.1075
189.321,1.6612
189.371,1.3843
189.4,0.8306
189.42,0.55373
189.481,1.6612
189.481,1.6612
189.521,1.1075
189.53,0.55373
189.571,1.3843
189.611,1.6612
189.701,2.7687
189.561,2.2061
189.571,1.103
189.58,0.82728
189.591,1.6546
189.6,0.82728
189.621,1.103
189.641,1.3788
189.651,1.6546
189.66,0.82728
189.671,1.103
189.68,0.55152
189.69,0.82728
189.7,0.82728
189.71,0.82728
189.73,0.82728
189.781,2.2061
189.831,1.6546
189.86,0.82728
189.871,1.103
189.891,1.3788
189.9,0.82728
189.921,2.2061
189.931,1.6546
189.951,1.103
189.97,0.82728
189.981,1.103
189.992,3.0334
189.99,0.82728
189.99,0.82728
190,0.82728
190.02,0.82728
190.031,2.2061
190.042,3.0334
190.051,1.103
190.06,0.55152
190.071,2.4819
190.161,1.103
190.17,0.55152
190.221,1.103
190.221,1.6546
190.231,1.3788
190.251,1.103
190.261,1.103
190.311,2.2061
190.32,0.82728
190.322,3.3091
190.341,1.9303
190.34,0.55152
190.34,0.55152
190.351,1.9303
190.42,0.82728
190.431,1.6546
190.441,1.3788
190.471,1.3788
190.922,3.2863
191.61,0.75837
191.631,1.0112
191.67,0.75837
191.711,1.5167
191.731,1.2639
191.741,2.2751
191.751,1.5167
191.801,1.7695
192.151,1.0617
192.361,1.9333
192.4,0.82858
192.86,0.82858
192.86,0.82858
193.06,0.82858
193.07,0.55238
193.121,2.7619
193.171,1.1048
193.191,1.381
193.2,0.82858
193.281,1.1048
193.4,0.55238
193.41,0.55238
193.422,3.5905
193.431,2.2095
193.521,2.32
193.531,1.16
193.56,0.77334
193.591,2.7067
193.601,1.16
193.661,2.32
193.68,0.77334
193.79,0.27686
194.03,0.55373
194.04,0.83059
194.06,0.27686
194.07,0.55373
194.321,1.6612
194.321,2.2149
194.49,0.83059
194.59,0.83059
194.61,0.27686
194.66,0.83059
195.061,2.3257
195.15,0.77522
195.15,0.38761
195.16,0.38761
195.17,0.77522
195.18,0.77522
195.22,0.83907
195.24,0.27969
195.26,0.27969
195.27,0.55938
195.381,1.3984
195.531,1.6781
195.54,0.55938
197.201,1.1186
197.32,0.83895
197.331,2.2372
197.62,0.83895
197.881,1.9576
197.89,0.5593
197.93,0.5593
198.031,1.9576
198.05,0.39151
198.061,1.1745
198.061,1.1745
198.07,0.78302
198.111,2.3491
198.121,1.566
198.141,1.1745
198.151,1.1745
198.16,0.39151
198.171,1.9576
198.191,2.2372
198.213,5.3134
198.22,0.83896
198.23,0.83896
198.26,0.55931
198.27,0.55931
198.28,0.83896
198.291,1.1186
198.321,1.9576
198.332,3.0762
198.344,8.9489
198.362,3.0762
198.371,2.5169
198.381,1.3983
198.391,2.5169
198.401,2.2372
198.421,1.9576
198.43,0.83896
198.441,1.3983
198.472,3.0762
198.491,1.6779
198.521,1.1186
198.551,2.2372
198.561,2.7965
198.581,2.7965
198.592,3.9151
198.612,3.6355
198.621,1.6779
198.632,3.0762
198.641,1.9576
198.66,0.83896
198.682,3.6355
198.682,3.6355
198.7,0.83896
198.71,0.55931
198.72,0.55931
199.22,0.27965
199.382,3.0762
199.5,0.50567
199.521,1.7698
199.531,1.0113
199.561,2.7812
199.571,2.2755
199.02,0.84371
199.59,0.84371
199.73,0.28124
199.981,1.4062
199.59,0.84371
199.73,0.28124
199.981,1.4062
200.02,0.56247
200.241,1.8248
200.281,1.0427
200.321,1.8248
200.891,1.3034
200.971,1.3034
200.981,1.8248
201.251,1.5641
201.34,0.78204
201.441,1.5641
201.85,0.51923
202.021,1.2981
202.091,1.5577
202.531,1.2981
202.631,2.3365
202.691,2.0769
202.851,1.5577
202.881,2.8558
202.911,1.4538
202.971,2.1808
203.15,0.77798
203.181,1.2966
203.201,2.0746
203.271,1.556
203.35,0.77798
203.361,1.0373
203.411,1.0373
203.43,0.77798
203.57,0.77798
203.661,1.0373
203.721,1.0373
203.751,1.0373
203.831,2.5933
203.88,0.51865
203.88,0.77798
203.93,0.77798
203.961,2.0746
203.971,1.0373
204.041,1.2966
204.16,0.25933
204.18,0.77798
204.21,0.51865
204.32,0.51865
204.33,0.77798
204.391,1.0892
204.59,0.5593
204.64,0.27965
204.75,0.5593
204.75,0.5593
204.76,0.5593
204.951,1.1186
204.98,0.27965
205.001,1.3983
205.01,0.5593
205.02,0.5593
205.03,0.83896
205.03,0.83896
205.071,1.3983
205.08,0.5593
205.11,0.5593
205.121,1.6779
205.13,0.83896
205.15,0.83896
205.15,0.27965
205.17,0.5593
205.17,0.5593
205.19,0.83896
205.2,0.27965
205.2,0.27965
205.231,1.9576
205.251,1.3983
205.25,0.83896
205.29,0.83896
205.29,0.5593
205.31,0.5593
205.33,0.5593
205.341,2.2372
205.35,0.5593
205.37,0.27965
205.39,0.5593
205.4,0.27965
205.41,0.83896
205.43,0.5593
205.44,0.5593
205.49,0.83896
205.521,1.3983
205.562,4.7541
205.581,1.1186
205.602,3.6355
205.633,5.3134
205.64,0.5593
205.67,0.5593
205.703,5.3134
205.71,0.5593
205.71,0.5593
205.721,1.3983
205.72,0.5593
205.751,1.1186
205.751,1.1186
205.76,0.83896
205.76,0.5593
205.77,0.5593
205.8,0.78302
205.81,0.78302
205.82,0.78302
205.835,9.0048
205.851,1.1745
205.87,0.39151
206.011,1.9576
206.071,1.9576
206.09,0.83896
206.201,1.6779
206.221,1.3983
206.23,0.83896
206.241,1.3983
206.26,0.5593
206.29,0.5593
206.3,0.27965
206.31,0.5593
206.32,0.83896
206.33,0.27965
206.361,1.1186
206.38,0.5593
206.39,0.83896
206.402,3.0762
206.42,0.5593
206.43,0.5593
206.452,3.9151
206.471,1.6779
206.49,0.83896
206.501,2.7965
206.52,0.83896
206.53,0.5593
206.54,0.5593
206.54,0.83896
206.55,0.83896
206.56,0.83896
206.57,0.83896
206.57,0.27965
206.57,0.5593
206.57,0.5593
206.58,0.27965
206.59,0.83896
206.6,0.5593
206.601,1.1186
206.611,1.3983
206.621,1.3983
206.64,0.83896
206.65,0.5593
206.661,1.9576
206.69,0.5593
206.701,2.2372
206.7,0.5593
206.71,0.83896
206.71,0.5593
206.722,3.9151
206.731,1.3983
206.73,0.27965
206.741,1.3983
206.74,0.5593
206.761,2.5169
206.76,0.5593
206.77,0.5593
206.78,0.5593
206.791,1.6779
206.79,0.5593
206.8,0.27965
206.812,3.6355
206.82,0.83896
206.841,2.5169
206.852,3.6355
206.88,0.5593
206.922,3.0762
206.951,1.9576
206.99,0.83896
207,0.27965
207,0.5593
207,0.27965
207.011,1.3983
207.022,3.6355
207.03,0.27965
207.03,0.5593
207.03,0.5593
207.04,0.83896
207.051,2.2372
207.051,1.3983
207.061,1.1186
207.071,1.1186
207.09,0.5593
207.09,0.5593
207.11,0.83896
207.111,1.9576
207.141,1.6779
207.141,1.1186
207.151,2.2372
207.161,1.1186
207.201,1.1186
207.22,0.5593
207.242,3.9151
207.282,3.1321
207.291,1.9576
207.313,5.8727
207.33,0.78302
207.351,2.3491
207.36,0.39151
207.37,0.78302
207.381,1.1745
207.38,0.39151
207.39,0.78302
207.401,1.9576
207.401,1.566
207.41,0.78302
207.472,3.9152
207.491,1.3983
207.49,0.83896
207.541,2.2372
207.551,2.2372
207.561,1.3983
207.57,0.83896
207.591,1.3983
207.601,1.3983
207.6,0.83896
207.611,1.6779
207.621,1.3983
207.631,2.2372
207.69,0.55931
207.701,1.3983
207.73,0.83896
207.74,0.55931
207.75,0.55931
207.771,1.6779
207.781,1.1186
207.79,0.55931
207.81,0.83896
207.83,0.83896
207.872,3.3559
207.891,1.6779
207.9,0.83896
207.912,4.4745
207.941,1.3983
207.95,0.83896
207.971,1.3983
207.99,0.83896
208.011,1.3983
208.031,1.1186
208.04,0.83896
208.061,1.1186
208.081,1.6779
208.08,0.83896
208.09,0.55931
208.091,1.1186
208.1,0.83896
208.111,1.6779
208.141,1.6779
208.17,0.83896
208.17,0.55931
208.21,0.83896
208.23,0.27965
208.261,1.6779
208.301,1.9576
208.31,0.55931
208.341,1.1186
208.351,1.9576
209.1,0.73902
209.15,0.24634
209.2,0.73902
209.23,0.98536
209.32,0.73902
209.32,0.49268
209.34,0.98536
209.581,1.3795
209.77,0.98139
209.79,0.73604
209.99,0.49069
210.031,1.4721
210.07,0.24535
210.08,0.24535
210.09,0.98139
210.11,0.24535
210.111,1.4721
210.151,2.4535
210.181,1.2267
210.21,0.49069
210.221,2.4535
210.261,1.4721
210.42,0.49069
210.43,0.49069
210.43,0.49069
210.44,0.73604
210.44,0.73604
210.45,0.98139
210.46,0.49069
210.47,0.73604
210.491,1.2267
210.68,0.98139
210.851,1.4721
210.95,0.73604
211.011,1.0305
211.071,1.3739
211.191,1.555
211.421,1.2958
211.571,1.0366
211.971,1.555
212.161,1.8141
212.201,1.2958
212.271,1.8141
212.3,0.77748
212.34,0.51832
212.35,0.77748
212.861,2.3365
213.311,1.5577
213.311,2.3365
213.431,2.3365
213.45,0.77884
213.56,0.51923
213.571,1.0385
213.811,1.4538
213.961,1.5627
214.061,1.8232
214.121,1.8232
214.121,1.3023
214.132,3.3859
214.351,1.3023
214.541,1.3023
214.631,2.865
214.921,1.3023
215.101,1.8232
215.211,1.0939
215.242,4.011
215.282,3.6463
215.751,1.9628
215.8,0.98139
215.901,2.6988
215.92,0.73604
216.021,1.4721
216.041,1.2267
216.211,1.2267
216.29,0.24535
216.521,1.7174
216.541,1.4721
216.551,1.7174
216.61,0.98139
216.621,2.0609
216.851,1.2267
216.89,0.9814
216.901,1.4721
216.912,4.4163
216.921,1.9628
216.951,1.4721
216.991,1.7174
217.01,0.73605
217.011,1.2267
217.04,0.9814
217.06,0.9814
217.071,1.9628
217.08,0.73605
217.091,1.2267
217.101,1.7174
217.111,1.4721
217.14,0.9814
217.162,3.1895
217.171,1.4721
217.18,0.9814
217.201,1.4721
217.25,0.9814
217.26,0.73605
217.27,0.4907
217.28,0.4907
217.29,0.4907
217.3,0.73605
217.302,3.4349
217.311,1.4721
217.32,0.9814
217.331,1.2267
217.391,2.6988
217.4,0.9814
217.441,2.2081
217.451,1.7174
217.482,3.1895
217.49,0.9814
217.511,2.6988
217.52,0.9814
217.521,2.4535
217.53,0.4907
217.53,0.24535
217.54,0.73605
217.551,1.7174
217.571,2.4535
217.602,3.1895
217.611,1.4721
217.621,1.7174
217.621,1.4721
217.631,2.6988
217.652,4.4163
217.681,2.6988
217.691,2.9442
217.712,4.6616
217.71,0.73605
217.722,4.1709
217.742,4.6616
217.771,1.2267
217.782,4.6616
217.801,2.6988
217.812,3.4349
217.832,3.4349
217.841,1.7174
217.861,1.4721
217.86,0.73605
217.87,0.73605
217.9,0.73605
217.92,0.9814
217.94,0.73605
218.131,1.0385
218.212,3.1154
218.231,1.0385
218.251,1.0385
218.26,0.51923
218.271,1.0385
218.27,0.51923
218.291,1.8173
218.311,1.2981
218.331,2.8558
218.591,2.3365
218.601,1.0385
218.631,1.0385
218.641,1.8173
218.671,1.5577
218.751,2.3365
218.951,2.5961
219.03,0.77884
219.041,2.0769
219.071,1.4538
219.081,2.5442
219.121,1.8173
219.611,2.3365
219.53,0.51923
219.63,0.25961
219.64,0.51923
219.64,0.51923
219.64,0.51923
219.69,0.25961
219.701,2.0769
219.711,1.5577
219.751,1.0385
219.821,1.5577
219.89,0.77884
219.93,0.51923
220.06,0.51923
220.09,0.51923
220.1,0.51923
220.461,1.2981
220.691,2.0769
220.721,1.2981
220.751,1.0385
220.771,1.5577
221.011,1.8173
221.381,2.3365
221.722,3.375
221.731,1.8173
221.811,1.5577
221.881,2.0769
222.481,1.0385
222.671,1.0385
222.791,1.5577
222.811,1.0385
222.861,1.0385
222.971,1.0385
223.28,0.51923
223.29,0.51923
223.3,0.25961
223.32,0.51923
223.35,0.51923
223.35,0.25961
223.401,1.0904
223.421,1.0904
223.43,0.36346
223.43,0.36346
223.441,1.4538
223.451,1.4538
223.46,0.72692
223.491,1.4538
223.521,1.4538
223.531,1.4538
223.54,0.72692
223.551,1.0904
223.901,2.9442
223.97,0.49069
223.99,0.98139
224,0.98139
224.03,0.49069
224.06,0.49069
224.08,0.73604
224.091,2.6988
224.112,3.4349
224.14,0.98139
224.18,0.49069
224.19,0.49069
224.22,0.98139
224.26,0.73604
224.291,1.4721
224.3,0.73604
224.351,2.9442
224.41,0.98139
224.411,1.7174
224.43,0.49069
224.441,1.9628
224.441,1.9628
224.471,2.6988
224.511,2.4535
224.551,1.2267
224.58,0.49069
224.58,0.49069
224.6,0.73604
224.67,0.49069
224.68,0.98139
224.68,0.98139
224.68,0.73604
224.8,0.98139
225.091,1.8519
225.101,1.5874
225.17,0.79368
225.251,1.3228
225.39,0.79368
225.431,1.0582
225.45,0.26456
225.461,1.3228
225.831,1.3228
225.88,0.52912
225.901,1.3228
225.911,1.0582
225.912,3.1747
225.951,1.0582
225.971,1.5874
225.981,2.6456
225.99,0.79368
226.031,1.5874
226.041,1.5874
226.101,1.3228
226.101,1.5874
226.141,1.5874
226.161,1.8519
226.191,1.3228
226.221,2.1165
226.251,1.5874
226.271,1.8519
226.291,1.3228
226.301,2.1165
226.331,1.4815
226.361,2.2223
226.371,1.4815
226.391,1.1111
226.431,1.8519
226.451,2.2223
226.481,1.8519
226.491,1.4815
226.571,1.47
226.581,2.4499
226.621,1.47
226.621,1.7149
226.631,2.4499
226.991,2.2049
227.001,1.7149
227.01,0.97997
227.021,2.2049
227.031,1.47
227.051,1.7149
227.061,2.4499
227.071,1.225
227.08,0.73498
227.091,1.225
227.1,0.48998
227.131,1.47
227.15,0.73498
227.17,0.73498
227.181,1.7149
227.211,1.47
227.23,0.24499
227.241,1.47
227.251,1.47
227.29,0.97997
227.311,2.9399
227.322,4.4099
227.332,3.9199
227.341,2.4499
227.371,1.47
227.391,2.6949
227.402,4.4099
227.411,2.4499
227.43,0.73498
227.48,0.97997
227.49,0.73498
227.51,0.73498
227.521,1.225
227.541,1.9599
227.55,0.73498
227.561,1.7149
227.571,1.225
227.611,2.2049
227.631,1.7149
227.631,1.47
227.641,2.9399
227.65,0.73498
227.661,1.7149
227.671,1.47
227.69,0.97997
227.721,1.225
227.731,2.6949
227.741,2.9399
227.76,0.24499
227.771,1.7149
227.771,1.9599
227.781,2.6949
227.56,0.62737
227.56,0.31369
227.56,0.62737
227.571,1.2547
227.57,0.31369
227.6,0.62737
227.63,0.94106
227.64,0.62737
227.65,0.94106
227.85,0.62737
227.87,0.94106
227.9,0.31369
227.95,0.94106
228,0.62737
228.151,1.5684
228.161,1.2547
228.19,0.31369
228.22,0.31369
228.261,2.1958
228.282,3.1369
228.36,0.62737
228.38,0.94106
228.421,1.5684
228.45,0.94106
228.46,0.62737
228.491,2.1958
228.51,0.94106
228.56,0.87832
228.641,2.635
229.341,2.381
229.351,1.3228
229.361,1.0582
229.371,1.0582
229.391,1.3228
229.481,1.3228
229.481,1.8519
229.49,0.79368
229.491,2.6456
229.511,2.6456
229.52,0.79368
229.531,1.5874
229.531,1.0582
229.581,1.0582
229.611,2.381
229.621,1.8519
229.631,2.381
229.641,1.0582
230.871,1.3511
232.531,1.3456
239.691,1.4649
239.881,1.2207
240.3,0.9766
240.691,1.4649
241.011,2.3927
241.051,1.709
241.062,3.4181
241.111,2.9256
241.181,2.438
241.211,1.219
241.22,0.73139
241.261,1.219
241.29,0.4876
241.3,0.4876
241.31,0.97519
241.32,0.97519
241.33,0.4876
241.34,0.73139
241.35,0.73139
241.36,0.73139
241.38,0.4876
241.401,1.7066
241.42,0.4876
241.43,0.73139
241.44,0.4876
241.451,1.7066
241.461,1.219
241.471,1.219
241.48,0.97519
241.49,0.73139
241.51,0.4876
241.511,1.219
241.521,2.6818
241.53,0.4876
241.55,0.4876
241.56,0.97519
241.58,0.73139
241.591,2.1942
241.61,0.73139
241.62,0.97519
241.62,0.4876
241.64,0.73139
241.66,0.73139
241.681,1.219
241.701,1.219
241.731,1.4628
241.75,0.4876
241.75,0.4876
241.761,1.219
241.761,1.219
241.771,1.4628
241.781,1.7066
241.84,0.97519
241.87,0.4876
241.89,0.73139
241.9,0.97519
241.911,1.219
241.94,0.73139
241.951,1.219
241.96,0.4876
242,0.73139
242.021,1.219
242.041,2.9256
242.04,0.97519
242.051,1.7066
242.061,1.7066
242.071,1.7066
242.07,0.73139
242.08,0.4876
242.092,3.9008
242.131,2.1942
242.14,0.73139
242.15,0.2438
242.18,0.73139
242.23,0.4876
242.24,0.4876
242.27,0.97519
242.281,1.219
242.29,0.73139
242.311,1.7066
242.341,1.024
242.35,0.68263
242.381,1.024
242.391,1.024
242.41,0.34132
242.421,1.3653
242.441,1.3653
242.471,1.3653
242.491,1.3653
242.52,0.68263
242.641,2.4415
242.691,1.709
242.741,1.2207
242.77,0.9766
242.77,0.73245
242.77,0.4883
242.871,2.9298
242.881,1.709
242.91,0.73245
242.941,1.9532
243.172,4.1505
243.221,1.4649
243.26,0.73245
243.28,0.4883
243.3,0.4883
243.391,1.709
243.401,1.4649
243.431,1.2207
243.451,1.9532
243.46,0.73245
243.48,0.73245
243.491,1.2207
243.581,1.4649
243.63,0.4883
243.641,1.4649
243.69,0.4883
243.691,1.709
243.701,1.4649
243.751,1.2207
243.811,1.2207
243.84,0.73245
243.85,0.9766
243.9,0.68362
243.941,2.7345
243.98,0.68362
244.46,0.4883
244.691,1.709
244.951,1.4649
244.981,1.9532
244.98,0.9766
245.08,0.4883
245.1,0.4883
245.11,0.4883
245.25,0.24415
245.28,0.9766
245.3,0.4883
245.511,1.2208
245.551,1.7091
245.58,0.9766
245.601,1.2208
245.611,1.2208
245.611,1.9532
245.65,0.4883
245.661,1.9532
245.671,1.7091
245.691,1.9532
245.72,0.9766
245.74,0.9766
245.75,0.9766
245.81,0.73245
245.85,0.73245
245.861,1.4649
245.881,1.2208
245.9,0.4883
245.911,1.2208
245.931,2.6857
245.94,0.9766
245.94,0.73245
245.96,0.9766
245.98,0.73245
246.04,0.9766
246.08,0.9766
246.321,1.4649
246.47,0.9766
246.471,1.7091
246.52,0.73245
246.541,1.4649
246.561,1.9532
246.581,2.1974
246.61,0.73245
246.631,1.4649
246.451,1.0631
246.46,0.79736
246.471,1.0631
246.5,0.53157
246.531,1.0631
246.54,0.79736
246.55,0.79736
246.621,1.3289
246.65,0.53157
246.66,0.79736
246.681,1.0631
246.721,1.0631
246.821,1.3289
246.82,0.79736
246.83,0.53157
246.86,0.79736
246.89,0.53157
247.04,0.79736
247.321,1.0631
247.33,0.79736
247.35,0.53157
247.401,1.0631
247.401,1.5947
247.471,1.0631
247.49,0.53157
247.591,1.8605
247.621,1.4884
247.67,0.7442
247.681,1.1163
247.691,1.1163
248.091,1.2914
248.33,0.77484
248.35,0.51656
248.36,0.51656
248.37,0.77484
248.411,1.5497
248.43,0.77484
248.601,2.8411
248.64,0.77484
248.661,1.0331
248.66,0.77484
249.251,1.7045
249.261,1.2175
249.26,0.73052
249.281,1.461
249.351,1.7045
249.401,2.6786
249.411,1.948
249.502,3.8961
249.51,0.73052
249.531,2.4351
249.571,2.4351
249.581,1.2175
249.581,2.1915
249.601,1.948
249.631,1.948
249.751,2.4351
249.75,0.73052
249.761,2.4351
249.87,0.97402
249.921,2.1915
249.94,0.73052
249.95,0.73052
250.21,0.97402
251.771,1.461
251.781,2.6786
252.18,0.72659
252.2,0.72659
252.57,0.96878
253.28,0.48439
253.291,1.4532
253.301,1.4532
253.321,1.3563
253.351,1.6954
253.391,1.6954
253.391,1.3563
253.412,3.3907
253.461,2.7126
253.481,2.0344
253.921,1.9354
253.941,1.4515
253.96,0.96769
253.971,1.4515
253.991,1.6935
254.341,1.9354
254.391,1.9354
254.431,1.4515
254.521,2.4192
254.531,1.4515
254.55,0.96769
254.601,1.4515
254.621,1.6935
254.641,1.2096
254.661,2.4192
254.711,2.4192
254.731,1.4515
254.74,0.72577
254.741,1.2096
254.781,1.3548
254.791,1.3548
254.821,2.0321
254.852,3.0482
254.851,2.0321
254.861,1.6935
254.871,1.6935
254.891,1.6935
254.891,1.3548
254.911,1.3548
254.931,1.6935
254.942,4.0643
254.951,2.7095
255.021,1.692
255.031,1.974
255.05,0.56399
255.06,0.84598
255.081,1.692
255.14,0.84598
255.24,0.84598
255.291,1.41
255.321,1.128
255.391,1.974
255.411,2.538
255.46,0.56399
255.501,1.128
255.511,2.538
255.621,1.128
255.641,1.692
255.7,0.56399
255.82,0.84598
255.831,1.41
255.871,1.974
255.91,0.56399
256.11,0.84598
256.11,0.84598
256.131,1.128
256.181,1.128
256.351,1.137
256.51,0.85278
256.691,1.7056
256.721,1.137
256.751,1.4213
256.82,0.56852
256.93,0.56852
256.941,1.4213
256.991,2.8426
257.021,2.5583
257.171,1.1939
257.191,1.5919
257.581,2.8393
257.641,2.8393
257.871,1.7036
257.88,0.8518
257.92,0.8518
258.061,1.1357
258.231,1.9875
258.23,0.56787
258.25,0.56787
258.841,1.6858
258.9,0.56193
258.92,0.56193
258.961,1.1239
259.64,0.28097
259.71,0.56193
259.72,0.56193
259.72,0.56193
259.761,1.6858
259.77,0.8429
259.78,0.56193
259.831,1.9668
259.9,0.56193
259.92,0.56193
260.054,8.2604
260.1,0.78671
260.11,0.39335
260.12,0.39335
260.132,3.1468
260.14,0.78671
260.201,1.9726
260.211,1.1272
260.211,2.2544
260.221,1.1272
260.231,1.409
260.341,2.2544
260.351,2.2544
260.35,0.56359
260.381,1.6908
260.39,0.56359
260.412,3.0998
260.521,2.2544
260.521,2.5362
260.53,0.84539
260.541,1.9726
260.54,0.56359
260.551,1.9726
260.56,0.84539
260.561,1.1272
260.571,2.2544
260.58,0.2818
260.59,0.84539
260.59,0.84539
260.621,1.6908
260.631,1.9726
260.631,1.1272
260.661,1.9726
260.661,2.818
260.701,1.9726
260.71,0.56359
260.73,0.56359
260.74,0.56359
260.8,0.84539
260.84,0.84539
260.85,0.84539
260.871,1.1272
260.881,1.1272
260.891,1.409
260.901,1.1272
260.92,0.56359
260.932,4.2269
260.941,2.2544
260.96,0.56359
260.98,0.56359
260.991,1.1272
261.02,0.84539
261.042,3.0998
261.051,1.9726
261.09,0.84539
261.091,1.6908
261.13,0.2818
261.211,1.409
261.241,1.409
261.251,1.1272
261.251,1.409
261.271,2.818
261.281,1.409
261.291,2.2544
261.301,1.9726
261.31,0.84539
261.311,1.409
261.321,2.2544
261.331,1.6908
261.341,1.6908
261.371,1.1272
261.411,1.1272
261.421,1.409
261.44,0.78903
261.471,1.1835
261.511,1.1835
261.521,1.1835
261.531,1.9726
261.54,0.78903
261.55,0.78903
261.56,0.39451
261.571,1.1835
261.581,2.3671
261.64,0.78625
261.65,0.52417
261.65,0.78625
261.67,0.78625
261.68,0.52417
261.68,0.52417
261.73,0.78625
261.74,0.78625
261.771,1.0483
261.79,0.52417
261.8,0.52417
261.8,0.78625
261.81,0.52417
261.841,1.0483
261.851,2.0967
261.861,1.8346
261.891,1.0483
261.901,2.3588
261.92,0.52417
261.921,1.3104
262.071,1.0483
262.101,1.0483
262.111,1.5725
262.11,0.52417
262.121,1.0483
262.171,2.0967
262.191,1.8346
262.371,1.0483
263.162,4.5879
263.211,1.7842
263.26,0.76466
263.3,0.76466
263.332,3.3135
263.331,1.5293
263.391,1.5293
263.421,1.0195
263.501,1.7842
263.551,2.0391
263.561,2.294
263.602,3.0586
263.61,0.76466
263.64,0.76466
263.641,1.2744
263.671,1.0195
263.681,1.2744
263.712,3.3135
263.721,2.8037
263.781,2.0391
263.831,1.7842
264.131,2.8037
264.181,2.0391
264.211,1.0195
264.251,2.0391
264.301,1.0195
264.321,2.4979
264.341,2.141
264.361,1.4274
264.361,1.4274
264.392,3.9252
264.401,1.7842
264.432,3.2116
264.461,2.8547
264.461,1.4274
264.471,2.4979
264.481,2.141
264.491,1.0705
264.491,1.0705
264.65,0.58014
264.66,0.87022
264.67,0.87022
264.691,1.1603
264.711,1.4504
264.731,1.7404
264.751,1.1603
264.75,0.58014
264.8,0.58014
264.801,2.0305
264.841,1.4504
264.85,0.87022
264.86,0.58014
264.88,0.58014
264.89,0.87022
264.911,2.6106
264.911,2.3206
264.933,5.5114
264.992,4.3511
265.001,1.7404
265,0.87022
265.021,1.4504
265.051,1.4504
265.131,1.1603
265.33,0.29007
265.341,1.1603
265.46,0.87022
265.521,2.0305
265.551,1.7404
265.581,1.1603
265.6,0.87022
265.601,2.0305
265.631,2.0305
265.671,1.1603
265.701,2.3206
265.74,0.87022
265.752,3.4809
265.761,2.9007
265.77,0.87022
265.811,2.4366
265.841,2.4366
265.862,4.061
265.901,1.6244
265.361,1.892
265.41,0.81085
265.431,1.0811
265.461,2.4326
265.49,0.54057
265.501,1.0811
265.52,0.54057
265.531,1.0811
265.57,0.81085
265.601,2.4326
265.611,1.0811
265.621,2.7028
265.63,0.54057
265.651,1.892
265.661,1.3514
265.67,0.81085
265.671,1.6217
265.69,0.54057
265.691,1.892
265.7,0.54057
265.71,0.81085
265.731,2.7028
265.791,1.0811
265.821,1.6217
265.821,1.3514
265.83,0.54057
265.85,0.54057
265.851,1.6217
265.871,1.3514
265.881,1.3514
265.901,1.3514
265.901,1.6217
265.91,0.81085
265.921,1.0811
265.952,3.2434
265.96,0.54057
265.98,0.54057
265.981,1.0811
265.99,0.81085
266,0.27028
266.011,1.3514
266.02,0.54057
266.031,1.892
266.04,0.81085
266.081,1.0811
266.08,0.54057
266.121,1.6217
266.131,2.9731
266.141,1.6217
266.151,1.0811
266.162,3.2434
266.161,1.0811
266.191,1.6217
266.231,1.3514
266.251,1.0811
266.27,0.81085
266.27,0.54057
266.281,1.6217
266.28,0.81085
266.341,2.4254
266.37,0.26949
266.381,1.078
266.401,1.617
266.431,2.156
266.461,1.8865
266.502,4.5814
266.51,0.80848
266.53,0.26949
266.54,0.53899
266.56,0.53899
266.642,3.5034
266.811,1.3475
266.821,1.078
266.83,0.80848
266.85,0.80848
266.851,1.078
266.861,1.078
266.881,1.078
266.88,0.80848
266.881,1.078
266.89,0.80848
266.9,0.80848
266.921,1.3475
266.94,0.80848
266.95,0.53899
266.981,1.617
267.03,0.80848
267.04,0.80848
267.04,0.53899
267.08,0.53899
267.09,0.26949
267.09,0.26949
267.12,0.53899
267.14,0.53899
267.16,0.53899
267.192,3.2339
267.201,1.617
267.211,1.3475
267.23,0.53899
267.24,0.53899
267.24,0.80848
267.241,1.3475
267.24,0.26949
267.251,1.078
267.25,0.80848
267.281,1.3475
267.3,0.53899
267.311,1.617
267.321,1.3475
267.32,0.53899
267.33,0.26949
267.34,0.80848
267.371,1.617
267.381,1.8865
267.4,0.53899
267.41,0.26949
267.42,0.80848
267.43,0.80848
267.44,0.53899
267.45,0.53899
267.461,1.3475
267.461,1.078
267.471,2.4254
267.481,2.4254
267.49,0.26949
267.5,0.80848
267.5,0.80848
267.511,1.617
267.521,1.3475
267.531,1.3475
267.541,2.156
267.56,0.75458
267.56,0.75458
267.57,0.37729
267.57,0.75458
267.581,1.5092
267.601,1.8865
267.63,0.75458
267.681,1.5092
267.7,0.75458
267.701,1.1319
267.74,0.75458
267.74,0.75458
267.75,0.75458
267.781,2.2637
267.831,1.6166
267.841,1.6166
267.871,1.3472
267.891,1.3472
267.9,0.53887
267.91,0.53887
267.95,0.8083
267.971,1.3472
267.98,0.53887
267.981,1.3472
268.001,1.3472
268.01,0.8083
268.021,1.0777
268.04,0.8083
268.07,0.53887
268.081,1.886
268.091,2.1555
268.111,1.0777
268.171,1.0777
268.201,1.0777
268.21,0.53887
268.22,0.53887
268.23,0.8083
268.251,1.0777
268.33,0.8083
268.37,0.8083
268.37,0.8083
268.401,1.3472
268.421,1.886
268.431,1.0777
268.441,1.0777
268.501,1.0777
268.52,0.8083
268.571,2.6943
268.581,1.886
268.59,0.8083
268.59,0.53887
268.6,0
268.631,2.6943
268.65,0.8083
268.671,1.0777
268.69,0.8083
268.711,2.6943
268.721,2.4249
268.741,1.6166
268.77,0.53887
268.771,1.0777
268.78,0.8083
268.78,0.53887
268.791,2.1555
268.851,1.0777
268.881,1.0777
268.901,1.0777
268.921,1.3472
268.941,1.0777
268.961,1.6166
269,0.8083
269.041,1.0777
269.04,0.53887
269.04,0.8083
269.071,1.5088
269.081,1.5088
269.081,1.5088
269.091,1.1316
269.121,2.2632
269.121,1.1316
269.191,2.2632
269.201,1.1316
269.211,1.1316
269.221,1.5088
269.231,1.1316
269.232,3.0177
269.25,0.75441
269.281,1.5088
269.511,2.8089
269.531,1.0214
269.581,1.5321
269.741,1.0214
271.721,1.4686
271.861,1.9581
272.051,1.4686
272.101,1.7134
272.112,3.9162
272.13,0.73429
272.211,1.9581
272.281,1.4686
272.291,1.2238
272.292,3.9162
272.311,2.4476
272.461,2.2029
272.511,2.2029
272.52,0.97906
272.542,3.4267
272.552,3.084
272.561,1.3707
272.57,0.34267
272.581,1.3707
